ID,Name,Position,ADP,Team,,Instructions
1214154,Jahmyr Gibbs,RB,1.0791608,DET,,1. Rank players in column A and B in order of how you would like them to appear in your pre-draft rankings.
1228244,Bijan Robinson,RB,2.074622,ATL,,2. Note: The ID in column A is what will determine the order of the pre-draft rankings. Remember to keep these next to the corresponding player. You must include an ID for each player; you cannot use just the player's name.
1109979,Ja'Marr Chase,WR,3.2050552,CIN,,3. Upload as a CSV file and save ranking.
1162128,Puka Nacua,WR,4.4304943,LAR
1214087,Jaxon Smith-Njigba,WR,5.4911556,SEA
830517,Christian McCaffrey,RB,6.401733,SF
1127106,Amon-Ra St. Brown,WR,7.095198,DET
1065406,Jonathan Taylor,RB,7.798266,IND
1131012,James Cook III,RB,8.851197,BUF
1069535,Justin Jefferson,WR,10.470661,MIN
1062020,CeeDee Lamb,WR,11.4034195,DAL
883302,Saquon Barkley,RB,12.372786,PHI
1123379,Chase Brown,RB,13.081805,CIN
1164402,Kenneth Walker III,RB,14.379785,KC
1231820,De'Von Achane,RB,15.43038,MIA
1398572,Omarion Hampton,RB,16.642807,LAC
944826,A.J. Brown,WR,17.162378,NE
732145,Derrick Henry,RB,17.615955,BAL
1285917,Brock Bowers,TE,19.11188,LV
1379646,Ashton Jeanty,RB,20.469564,LV
1178741,Drake London,WR,22.578264,ATL
1122592,Chris Olave,WR,22.591307,NO
1286059,Malik Nabers,WR,23.073912,NYG
1172053,George Pickens,WR,24.13187,DAL
1074698,Nico Collins,WR,24.801521,HOU
1173538,Rashee Rice,WR,27.415577,KC
1108161,Trey McBride,TE,27.540615,ARI
868199,Josh Allen,QB,28.608469,BUF
1167361,Kyren Williams,RB,28.870872,LAR
1060262,DeVonta Smith,WR,29.835953,PHI
1107881,Javonte Williams,RB,30.463398,DAL
1218643,Ladd McConkey,WR,32.635212,LAC
1177053,Zay Flowers,WR,33.212444,BAL
1125749,Jaylen Waddle,WR,34.073257,DEN
1451501,Jeremiyah Love,RB,35.971775,ARI
978579,Tee Higgins,WR,36.367363,CIN
1164889,Garrett Wilson,WR,37.255074,NYJ
978577,Travis Etienne Jr.,RB,37.476543,NO
1378821,Colston Loveland,TE,39.584103,CHI
877790,DJ Moore,WR,40.4982,BUF
1162537,Breece Hall,RB,41.161747,NYJ
1287825,Emeka Egbuka,WR,41.26855,TB
1069808,D'Andre Swift,RB,41.841675,CHI
1380576,Tetairoa McMillan,WR,44.242252,CAR
1280316,Cam Skattebo,RB,46.16946,NYG
1377732,Luther Burden III,WR,47.734005,CHI
946739,David Montgomery,RB,48.012432,HOU
611417,Davante Adams,WR,48.837395,LAR
1229074,Parker Washington,WR,50.18866,JAX
1175184,Jameson Williams,WR,50.90199,DET
1327169,Bhayshul Tuten,RB,51.27455,JAX
944416,Josh Jacobs,RB,51.364014,GB
1287923,Bucky Irving,RB,52.62651,TB
836116,Terry McLaurin,WR,54.8405,WAS
1067918,Christian Watson,WR,55.281498,GB
877745,Lamar Jackson,QB,55.766468,BAL
1383791,Jadarian Price,RB,55.986958,SEA
1213727,Rome Odunze,WR,56.478897,CHI
1383807,Quinshon Judkins,RB,58.465908,CLE
593587,Mike Evans,WR,60.567574,SF
1229083,Tyler Warren,TE,61.70491,IND
878785,Joe Burrow,QB,62.715183,CIN
1287828,Marvin Harrison Jr.,WR,63.69343,ARI
1174682,Rhamondre Stevenson,RB,63.92139,NE
1286803,Drake Maye,QB,66.976166,NE
1287837,TreVeyon Henderson,RB,67.41483,NE
1441839,Carnell Tate,WR,67.97528,TEN
1326601,Jonathon Brooks,RB,69.6865,CAR
835127,Chris Godwin Jr.,WR,71.24292,TB
1176443,Jaylen Warren,RB,71.66842,PIT
1286445,Caleb Williams,QB,71.947815,CHI
1286064,Brian Thomas Jr.,WR,72.279945,JAX
1123529,Michael Wilson,WR,72.909676,ARI
1181874,Tucker Kraft,TE,74.06516,GB
1161228,Jayden Daniels,QB,76.61395,WAS
913271,Jalen Hurts,QB,77.74466,PHI
838878,Courtland Sutton,WR,78.24054,DEN
591816,Dak Prescott,QB,78.44245,DAL
1213865,Quentin Johnston,WR,79.15119,LAC
880398,Tony Pollard,RB,80.44803,TEN
945633,DK Metcalf,WR,81.31386,PIT
1172401,RJ Harvey,RB,81.92912,DEN
694041,Stefon Diggs,WR,84.55983,WAS
933480,Rico Dowdle,RB,85.356705,PIT
1286818,De'Zhaun Stribling,WR,86.30378,SF
910562,Justin Herbert,QB,86.31338,LAC
1168926,Sam LaPorta,TE,86.993484,DET
1215077,Josh Downs,WR,88.82795,IND
1123398,Jayden Reed,WR,88.920746,GB
1229540,Blake Corum,RB,89.674736,LAR
1110711,Trevor Lawrence,QB,89.85151,JAX
1123026,Kyle Pitts Sr.,TE,91.37239,ATL
1116001,Jordan Mason,RB,92.361,MIN
323205,Matthew Stafford,QB,94.67894,LAR
1130705,Kenny Gainwell,RB,95.96225,TB
1164875,Wan'Dale Robinson,WR,99.02586,TEN
1214250,Jordan Addison,WR,99.90142,MIN
1394752,Harold Fannin Jr.,TE,100.50969,CLE
1379267,Matthew Golden,WR,100.80092,GB
1191186,Jacory Croskey-Merritt,RB,101.15052,WAS
839031,Patrick Mahomes,QB,102.41367,KC
727837,Jared Goff,QB,103.25851,DET
1135513,Dalton Kincaid,TE,103.58359,BUF
1441120,Makai Lemon,WR,104.48414,PHI
976513,J.K. Dobbins,RB,105.58248,DEN
1161899,Bo Nix,QB,106.09622,DEN
911348,Michael Pittman Jr.,WR,106.3014,PIT
1121761,Brock Purdy,QB,107.35495,SF
733672,George Kittle,TE,107.36082,SF
1107027,Alec Pierce,WR,107.73364,IND
1441576,KC Concepcion,WR,109.77978,CLE
1286260,Jaxson Dart,QB,110.53044,NYG
1062047,Chuba Hubbard,RB,113.500114,CAR
1125111,Isaiah Likely,TE,114.614334,NYG
912137,Jordan Love,QB,114.89995,GB
1122653,Romeo Doubs,WR,115.07529,NE
791365,Dallas Goedert,TE,116.391335,PHI
879799,Kyler Murray,QB,118.119484,MIN
835749,Deebo Samuel Sr.,WR,120.57565,SF
1250886,Kyle Monangai,RB,120.65181,CHI
448240,Travis Kelce,TE,123.2335,KC
1289428,Mike Washington Jr.,RB,123.480865,LV
1110306,Tyler Shough,QB,124.11803,NO
748070,Baker Mayfield,QB,124.79947,TB
1326638,Xavier Worthy,WR,126.11411,KC
1218753,Jalen Coker,WR,126.526474,CAR
1229343,Rachaad White,RB,127.10384,WAS
1065361,Jake Ferguson,TE,129.44221,DAL
1213414,MarShawn Lloyd,RB,130.06084,GB
880151,Jakobi Meyers,WR,131.90427,JAX
1394692,Jordyn Tyson,WR,132.0131,NO
741314,Aaron Jones Sr.,RB,132.32936,MIN
1113403,Chris Rodriguez Jr.,RB,132.35178,JAX
1130603,Khalil Shakir,WR,133.41394,BUF
976323,Malik Willis,QB,133.46123,MIA
1231652,Woody Marks,RB,134.34529,HOU
884609,Juwan Johnson,TE,134.94002,NO
923412,Rashid Shaheed,WR,137.9629,SEA
1131198,Tyler Allgeier,RB,138.58699,ARI
879981,Daniel Jones,QB,138.67531,IND
1222789,Keaton Mitchell,RB,139.57074,LAC
1458888,Ja'Kobi Lane,WR,140.11589,BAL
820699,Mark Andrews,TE,140.97536,BAL
880026,Sam Darnold,QB,142.74147,SEA
1214084,C.J. Stroud,QB,147.9844,HOU
1380594,Jonah Coleman,RB,148.20503,DEN
1106374,Chig Okonkwo,TE,148.63065,WAS
1173255,Malik Washington,WR,149.80103,MIA
1379904,Denzel Boston,WR,151.74298,CLE
1164940,Brenton Strange,TE,151.83319,JAX
557210,Keenan Allen,WR,152.2014,IND
1169430,Tyjae Spears,RB,153.467,TEN
1164979,Tre Tucker,WR,153.8163,LV
744425,Hunter Henry,TE,154.79132,NE
1126817,Jalen Nailor,WR,155.28511,LV
1172428,Dontayvion Wicks,WR,156.1683,PHI
1286179,Terrance Ferguson,TE,156.21095,LAR
1228691,Cam Ward,QB,159.9061,TEN
1164530,Zach Charbonnet,RB,161.02219,SEA
1382670,Cyrus Allen,WR,161.87543,KC
1213257,Bryce Young,QB,161.9304,CAR
830523,Dalton Schultz,TE,162.62833,HOU
1109708,Tyrone Tracy Jr.,RB,163.29538,NYG
1215035,Tank Bigsby,RB,163.42531,PHI
1399910,Dylan Sampson,RB,167.61584,CLE
1285908,Adonai Mitchell,WR,167.63112,NYJ
607047,Jacoby Brissett,QB,168.20271,ARI
1213726,Jalen McMillan,WR,168.64487,TB
923915,T.J. Hockenson,TE,169.85406,MIN
1213362,Kayshon Boutte,WR,170.48709,HOU
1393832,Ryan Flournoy,WR,170.49988,DAL
1325231,Braelon Allen,RB,174.99043,NYJ
867009,Jauan Jennings,WR,175.43239,MIN
1305866,Pat Bryant,WR,175.89046,DEN
213957,Aaron Rodgers,QB,177.90747,PIT
1394798,Caleb Douglas,WR,178.78464,MIA
1214633,Tre' Harris,WR,181.08275,LAC
1399275,Travis Hunter,WR,181.11792,JAX
1106832,Isiah Pacheco,RB,181.43861,DET
1229503,AJ Barner,TE,182.21837,SEA
1319589,Malachi Fields,WR,182.38649,NYG
1128222,Tank Dell,WR,183.72827,HOU
1215772,Kaelon Black,RB,183.8857,SF
1325624,Oronde Gadsden II,TE,184.25587,LAC
1128085,Greg Dulcich,TE,184.93402,MIA
513856,Geno Smith,QB,185.4897,NYJ
750846,Alvin Kamara,RB,186.43817,NO
1378898,Jaydon Blue,RB,186.86911,DAL
1165229,Ray Davis,RB,188.30061,BUF
1400786,Fernando Mendoza,QB,189.63269,LV
1444547,Kenyon Sadiq,TE,190.42592,NYJ
1379251,Emmett Johnson,RB,190.85442,KC
1394825,Omar Cooper Jr.,WR,191.38438,NYJ
1164788,Devaughn Vele,WR,191.48083,NO
973966,Brian Robinson Jr.,RB,191.66905,ATL
1049263,Cade Otton,TE,196.03622,TB
1286438,Gunnar Helm,TE,196.42969,TEN
1441362,Isaac TeSlaa,WR,197.64153,DET
973935,Jerry Jeudy,WR,198.20845,CLE
1389700,Chris Bell,WR,200.8112,MIA
1214824,Kimani Vidal,RB,202.06712,LAC
1274492,Jayden Higgins,WR,204.0096,HOU
1116662,Pat Freiermuth,TE,204.2877,PIT
884013,Calvin Ridley,WR,205.61661,TEN
1441110,Zachariah Branch,WR,205.62372,ATL
698227,Cooper Kupp,WR,205.99161,SEA
1060312,Colby Parkinson,TE,207.37036,LAR
923109,Justice Hill,RB,207.38364,BAL
1521285,Ted Hurst III,WR,209.33391,TB
1180625,George Holani,RB,210.25557,SEA
973964,Najee Harris,RB,210.45743,NYG
832098,David Njoku,TE,212.0185,LAC
1380613,Germie Bernard,WR,214.83372,PIT
1228633,Sean Tucker,RB,215.2776,TB
1161416,Ricky Pearsall,WR,215.45093,SF
1107478,Michael Penix Jr.,QB,215.77286,ATL
1286370,Jaylin Noel,WR,216.96925,HOU
973947,Tua Tagovailoa,QB,217.11923,ATL
600191,Darren Waller,TE,217.43988,CAR
1379264,Nick Singleton,RB,217.48877,TEN
1322431,Keon Coleman,WR,218.31721,BUF
1378290,Antonio Williams,WR,218.89824,WAS
749185,Evan Engram,TE,219.59004,DEN
403308,Kirk Cousins,QB,220.36421,LV
828743,Deshaun Watson,QB,220.77634,CLE
1108208,Rashod Bateman,WR,221.06538,BAL
1379259,Kaytron Allen,RB,221.29211,WAS
820734,Samaje Perine,RB,221.44597,CIN
1058648,Charlie Kolar,TE,222.60825,LAC
975028,Malik Davis,RB,223.07834,DAL
1272321,Shedeur Sanders,QB,223.20827,CLE
1286176,Troy Franklin,WR,223.62749,DEN
835909,JuJu Smith-Schuster,WR,224.04222,FA
1213636,Xavier Hutchinson,WR,224.12823,HOU
1213794,Seth McGowan,RB,224.16539,IND
912027,Darnell Mooney,WR,224.55687,NYG
1068872,Jake Tonges,TE,224.7155,SF
823156,Tyreek Hill,WR,224.96274,FA
1394803,Trevor Etienne,RB,225.11777,CAR
560241,DeAndre Hopkins,WR,225.1967,FA
1286701,Gregory Desrosiers,RB,225.21312,LAC
820727,Joe Mixon,RB,225.28569,FA
742390,James Conner,RB,225.44899,ARI
935104,Khalil Herbert,RB,225.51668,SF
1173480,Jacardia Wright,RB,225.63681,SEA
1110301,Tyquan Thornton,WR,225.97397,KC
1325234,Skyler Bell,WR,225.98041,BUF
589984,Odell Beckham Jr.,WR,225.98775,NYG
1214689,Jaylin Lane,WR,226.08148,WAS
1116817,Emari Demercado,RB,226.1683,KC
1175693,DeMario Douglas,WR,226.18178,NE
1223301,Jalen Brooks,WR,226.1835,ARI
1447759,Emanuel Wilson,RB,226.24889,SEA
501150,Kyle Juszczyk,RB,226.25003,SF
1122182,Dylan Laube,RB,226.3014,LV
1049246,Salvon Ahmed,RB,226.3846,CHI
1166235,Sincere McCormick,RB,226.38715,SF
1271738,Jaleel McLaughlin,RB,226.39798,DEN
836152,Mike Gesicki,TE,226.42365,CIN
1248031,Trey Benson,RB,226.42853,ARI
1287636,Will Shipley,RB,226.50377,PHI
1390910,Demond Claiborne,RB,226.52449,MIN
1232592,Michael Mayer,TE,226.58571,LV
1380368,Tanner Koziol,TE,226.58824,JAX
1110697,Zamir White,RB,226.59349,NO
1226616,CJ Daniels,WR,226.60934,LAR
702808,Mack Hollins,WR,226.63962,NE
1401683,Max Klare,TE,226.64166,LAR
1293066,Devin Neal,RB,226.75388,NO
1325475,Josh Cameron,WR,226.86005,JAX
1163265,Roschon Johnson,RB,226.8984,CHI
503177,Zach Ertz,TE,226.9579,FA
1287641,Phil Mafah,RB,226.96614,DAL
691278,Sterling Shepard,WR,226.9744,HOU
1400657,Jordan James,RB,226.98503,SF
742382,Marquez Valdes-Scantling,WR,227.0148,DAL
1213340,Carson Beck,QB,227.03917,ARI
503184,Taysom Hill,TE,227.04144,FA
1381164,Sione Vaki,RB,227.07814,DET
916466,Devin Singletary,RB,227.08871,NYG
1277947,J'Mari Taylor,RB,227.1053,JAX
1383993,Kaden Wetjen,WR,227.18773,PIT
1381902,Kaleb Johnson,RB,227.197,PIT
1176730,Skyy Moore,WR,227.2,GB
976220,Hollywood Brown,WR,227.21338,PHI
1164846,Luke McCaffrey,WR,227.24509,WAS
865801,Christian Kirk,WR,227.36412,SF
1062765,Calvin Austin III,WR,227.3684,NYG
1398503,Isaiah Bond,WR,227.52435,CLE
1381444,Dean Connors,RB,227.52689,LAR
883259,Nick Westbrook-Ikhine,WR,227.5326,IND
1395874,Eli Heidenreich,WR,227.5463,PIT
1402692,Noah Thomas,WR,227.5542,CIN
1321291,Audric Estime,RB,227.55762,NO
1286164,Dont'e Thornton Jr.,WR,227.5652,LV
822857,Nick Chubb,RB,227.5844,FA
1127065,Chris Brooks,RB,227.59236,GB
1213799,Marvin Mims Jr.,WR,227.6187,DEN
1277914,Devontez Walker,WR,227.62502,BAL
1323708,Michael Trigg,TE,227.63997,DAL
1322393,Jimmy Horn Jr.,WR,227.64372,CAR
1227157,Kyle Williams,WR,227.78787,NE
1286513,Jaylen Wright,RB,227.78938,MIA
1285895,Raheim Sanders,RB,227.8222,CLE
1223318,Darius Cooper,WR,227.9785,PHI
1126338,Isaac Guerendo,RB,228.00002,SF
1107034,Brandon Aiyuk,WR,228.10873,SF
1322367,Will Kacmarek,TE,228.1667,MIA
976329,Michael Carter,RB,228.2333,TEN
746613,Kareem Hunt,RB,228.23636,FA
1174752,Spencer Rattler,QB,228.2742,NO
1213867,Kendre Miller,RB,228.27562,NO
1060671,Tommy DeVito,QB,228.28569,NE
1465213,Jahdae Walker,WR,228.30074,CHI
1213782,Will Howard,QB,228.31581,PIT
1069763,Stetson Bennett IV,QB,228.3582,LAR
1399272,Kevin Coleman Jr.,WR,228.37279,MIA
1286065,Eli Stowers,TE,228.45592,PHI
1066424,Jalen Tolbert,WR,228.47073,MIA
1378284,Adam Randall,RB,228.51038,BAL
1229869,Montorie Foster Jr.,WR,228.51541,SEA
1287798,Deion Burks,WR,228.5286,IND
1108202,Brevyn Spann-Ford,TE,228.58336,DAL
1160348,John Metchie III,WR,228.58434,CAR
1228920,Ben Sinnott,TE,228.58626,WAS
1392584,Elijah Sarratt,WR,228.59735,BAL
604176,Tyler Higbee,TE,228.60576,LAR
1163866,Bam Knight,RB,228.617,ARI
1325016,Bryce Lance,WR,228.74069,NO
1106760,Tutu Atwell,WR,228.74872,MIA
1381263,Mason Taylor,TE,228.77904,NYJ
1303569,DJ Giddens,RB,228.79097,IND
660151,Robert Tonyan,TE,228.8171,PIT
1399132,Brenen Thompson,WR,228.84135,LAC
1223393,Tory Horton,WR,228.88899,SEA
1395843,Barion Brown,WR,228.90305,NO
1112338,Joe Milton III,QB,228.94374,DAL
1124851,Andrei Iosivas,WR,228.96378,CIN
1319185,Jarquez Hunter,RB,228.98851,LAR
1172024,Treylon Burks,WR,228.994,WAS
867303,Gardner Minshew II,QB,229,ARI
1229133,Rasheen Ali,RB,229.025,BAL
1379258,Drew Allar,QB,229.04352,PIT
1403491,Jalen Royals,WR,229.05,KC
1214405,KeAndre Lambert-Smith,WR,229.08005,LAC
1133320,Dohnte Meyers,WR,229.11595,CIN
973945,Mac Jones,QB,229.12741,SF
1378911,Jam Miller,RB,229.14896,NE
877784,Ty Johnson,RB,229.15694,BUF
1130975,Trey Lance,QB,229.19048,LAC
1313668,Brashard Smith,RB,229.2195,KC
743749,Jonnu Smith,TE,229.23279,FA
1286652,Lewis Bond,WR,229.23589,HOU
1066765,Cole Kmet,TE,229.26791,CHI
1059612,Joshua Palmer,WR,229.39441,BUF
1181861,Jacob Cowing,WR,229.40002,SF
880557,Darius Slayton,WR,229.4509,NYG
1406878,Colbie Young,WR,229.46469,CIN
883976,Olamide Zaccheaus,WR,229.4783,ATL
1443998,Robert Henry Jr.,RB,229.5,WAS
1124664,Cedric Tillman,WR,229.53967,CLE
1222835,Jordan Watkins,WR,229.549,SF
1218658,Darnell Washington,TE,229.5703,PIT
1286840,Elijah Arroyo,TE,229.5969,SEA
1214837,Tez Johnson,WR,229.62604,TB
1060545,AJ Dillon,RB,229.6364,CAR
692660,Kalif Raymond,WR,229.67319,CHI
1398153,Zavion Thomas,WR,229.68011,CHI
1121878,Jahan Dotson,WR,229.73822,ATL
1405857,Marlin Klein,TE,229.74675,HOU
923911,Noah Fant,TE,229.7917,NO
1228730,Tahj Brooks,RB,229.79579,CIN
865958,KaVontae Turpin,WR,229.80566,DAL
1377766,Ollie Gordon II,RB,229.80649,MIA
790004,Austin Ekeler,RB,229.8333,FA
1130555,Tommy Tremble,TE,229.87299,CAR
1286046,Jack Bech,WR,229.89189,LV
1441191,Malik Benson,WR,229.91356,LV
1287599,J.J. McCarthy,QB,229.93166,MIN
1378917,Ty Simpson,QB,229.95555,LAR
727279,Demarcus Robinson,WR,230.03125,SF
613866,Carson Wentz,QB,230.0417,MIN
1215102,Chimere Dike,WR,230.05386,TEN
216342,Joe Flacco,QB,230.09692,CIN
607864,Brandin Cooks,WR,230.2105,FA
865868,Jarrett Stidham,QB,230.26,DEN
754412,Kendrick Bourne,WR,230.31523,ARI
1290165,Riley Leonard,QB,230.3654,IND
1163273,Jordan Whittington,WR,230.4218,LAR
1405928,Justin Joly,TE,230.4296,DEN
1215305,Mitch Tinsley,WR,230.4423,CIN
1271609,Isaiah Davis,RB,230.46233,NYJ
913163,Tyler Huntley,QB,230.53488,BAL
1326628,Ja'Tavion Sanders,TE,230.5556,CAR
978120,Brock Wright,TE,230.5672,DET
884083,Dawson Knox,TE,230.58852,BUF
1176432,Isaiah Williams,WR,230.61366,NYJ
1110681,Justin Fields,QB,230.61513,KC
822350,Kyle Allen,QB,230.6604,BUF
1229669,Roman Wilson,WR,230.72572,PIT
1166036,Ashton Dulin,WR,230.7647,IND
1289332,Konata Mumpfield,WR,230.77583,LAR
1317230,Roman Hemby,RB,230.8056,LV
1381105,Oscar Delp,TE,230.82759,NO
1213872,Savion Williams,WR,230.8626,GB
882345,Drew Lock,QB,230.8824,SEA
1403969,Eli Raridon,TE,230.9031,NE
1395319,Elic Ayomanor,WR,230.9819,TEN
1164533,Erick All Jr.,TE,231.01237,CIN
1378840,LeQuint Allen Jr.,RB,231.10863,JAX
1287587,Tai Felton,WR,231.11954,MIN
1290102,Jalen Milroe,QB,231.1852,SEA
881779,Josh Oliver,TE,231.1875,MIN
1180321,Xavier Legette,WR,231.26625,CAR
1378156,Sam Roush,TE,231.2785,CHI
1056981,Noah Gray,TE,231.33615,KC
1378287,Cade Klubnik,QB,231.34193,NYJ
1165333,Dillon Gabriel,QB,231.4828,CLE
1050335,Pierre Strong Jr.,RB,231.5263,GB
1215022,Anthony Richardson Sr.,QB,231.5529,IND
691536,Jameis Winston,QB,231.57285,NYG
1229693,Matt Hibner,TE,231.62576,BAL
1333868,Quinn Ewers,QB,231.6471,MIA
1216288,Efton Chism III,WR,231.8082,NE
1214003,Nate Boerkircher,TE,231.8158,JAX
741262,Joshua Dobbs,QB,232.0909,DET
1161853,Elijah Higgins,TE,232.15,ARI
1228728,Myles Price,WR,232.1875,MIN
910852,Greg Dortch,WR,232.26492,DET
861278,Tyler Conklin,TE,232.31581,DET
1214414,Theo Johnson,TE,232.36925,NYG
1214336,Haynes King,QB,232.4348,CAR
1444140,Tyson Bagent,QB,232.7255,CHI
1288113,Taylen Green,QB,232.7778,CLE
865844,Jake Browning,QB,232.8,TB
1131457,Jacob Saylors,RB,233.1053,DET
607843,Marcus Mariota,QB,233.1176,WAS
748309,Nick Mullens,QB,233.1667,JAX
1286690,Jamal Haynes,RB,233.90909,CIN
1060311,Davis Mills,QB,234.18178,HOU
399579,Tyrod Taylor,QB,235.7,GB
1123521,Tanner McKee,QB,236.7,PHI
1400788,Chris Brazzell II,WR,,CAR
1377757,Jaydn Ott,RB,,KC
1324856,Eric McAlister,WR,,FA
1286037,Garrett Nussmeier,QB,,KC
1125737,Jerome Ford,RB,,FA
1107826,Antonio Gibson,RB,,FA
1402713,Le'Veon Moss,RB,,FA
1246039,Terion Stewart,RB,,FA
1215306,Noah Whittington,RB,,HOU
1399587,Desmond Reid,RB,,FA
1395681,CJ Donaldson,RB,,NO
1378905,Aaron Anderson,WR,,FA
1446502,Eric Rivers Jr.,WR,,TB
1229756,Joe Royer,TE,,CLE
1286048,Chris Hilton Jr.,WR,,GB
1400852,Jack Endries,TE,,CIN
1477140,Trinidad Chambliss,QB,,FA
1384651,Diego Pavia,QB,,FA
1378660,Dane Key,WR,,DEN
1461173,Dallen Bentley,TE,,DEN
1288387,John Michael Gyllenborg,TE,,KC
1164137,Jawhar Jordan,RB,,HOU
1060550,Hunter Long,TE,,JAX
1113381,Brenden Bates,TE,,FA
1121075,Jordan Travis,QB,,FA
1122035,Daniel Bellinger,TE,,TEN
739424,Austin Hooper,TE,,ATL
401534,Russell Wilson,QB,,FA
1179790,Luke Musgrave,TE,,GB
1289471,Mitchell Evans,TE,,CAR
976221,Grant Calcaterra,TE,,PHI
694931,Eric Saubert,TE,,SEA
1107536,Devin Culp,TE,,TB
832220,Justin Watson,WR,,HOU
1121873,Will Mallory,TE,,IND
1163272,Jared Wiley,TE,,KC
1059220,Brandon Smith,WR,,PIT
836104,Parris Campbell,WR,,FA
885029,Noah Togiai,TE,,FA
1057461,Rocky Lombardi,QB,,FA
891115,Diontae Johnson,WR,,FA
728338,Ezekiel Elliott,RB,,FA
1213881,Ja'Lynn Polk,WR,,FA
973949,Tyrell Shavers,WR,,BUF
1161664,Davis Allen,TE,,LAR
838179,Tim Patrick,WR,,NYJ
1067309,Zavier Scott,RB,,MIN
1124338,Tyler Badie,RB,,DEN
920758,Lil'Jordan Humphrey,WR,,DEN
728169,Mitchell Trubisky,QB,,TEN
975387,Isaiah Hodgins,WR,,NYG
944038,John Bates,TE,,WAS
1130242,Luke Schoonmaker,TE,,DAL
1162602,Theo Wease Jr.,WR,,MIA
837806,Will Dissly,TE,,FA
1175182,Cade Stover,TE,,HOU
1180538,Xavier Weaver,WR,,ARI
1232892,Jalin Hyatt,WR,,NYG
1214183,Xavier Restrepo,WR,,TEN
694117,Cooper Rush,QB,,ATL
1214132,Nathan Carter,RB,,ATL
1121050,Jake Bobo,WR,,SEA
1130260,Payne Durham,TE,,TB
1108052,Zach Wilson,QB,,NO
1128075,Kazmeir Allen,RB,,FA
1377751,Damien Martinez,RB,,GB
555358,Jimmy Garoppolo,QB,,FA
496083,Derek Carr,QB,,FA
1323916,J. Michael Sturdivant,WR,,GB
837594,Jeremy McNichols,RB,,WAS
605242,Tyler Lockett,WR,,FA
1182649,Jackson Hawes,TE,,BUF
1107878,Dyami Brown,WR,,WAS
866973,David Sills V,WR,,TB
1137635,Xavier Smith,WR,,LAR
1115394,Tanner Hudson,TE,,CIN
1122596,Jeremy Ruckert,TE,,NYJ
875444,Adam Trautman,TE,,DEN
733643,Adam Thielen,WR,,FA
606551,Chris Moore,WR,,BAL
1168410,Gunner Olszewski,WR,,NYG
911236,Tyler Johnson,WR,,DAL
1130976,Hunter Luepke,RB,,DAL
590796,Ameer Abdullah,RB,,JAX
1213386,Brady Cook,QB,,NYJ
841649,Hunter Renfrow,WR,,CAR
246054,Philip Rivers,QB,,FA
1130526,Kevin Austin Jr.,WR,,NO
837824,Drew Sample,TE,,CIN
1215291,Malachi Corley,WR,,CLE
1123630,Julian Hill,TE,,NE
712506,Mo Alie-Cox,TE,,IND
946541,Luke Farrell,TE,,SF
1123525,Brycen Tremayne,WR,,CAR
606501,Raheem Mostert,RB,,FA
1128783,Elijah Moore,WR,,PHI
1057457,Connor Heyward,TE,,LV
273278,Josh Johnson,QB,,CIN
1108937,Jaret Patterson,RB,,LAC
703015,Dare Ogunbowale,RB,,LV
943093,Ian Thomas,TE,,LV
824428,Andrew Beck,RB,,NYJ
837958,Allen Lazard,WR,,NYJ
821389,Curtis Samuel,WR,,FA
1178628,Jamari Thrash,WR,,CLE
837820,Dante Pettis,WR,,BUF
740704,Johnny Mundt,TE,,PHI
946261,Tanner Conner,TE,,NYG
823220,Mason Rudolph,QB,,PIT
1412326,Kameron Johnson,WR,,TB
1059680,Quintin Morris,TE,,JAX
910605,Trayveon Williams,RB,,DET
920944,Ben Skowronek,WR,,PIT
1132517,Nate Adkins,TE,,DEN
1114364,Shedrick Jackson,WR,,LV
885540,Adam Prentice,RB,,DEN
915397,C.J. Ham,RB,,FA
1176431,Casey Washington,WR,,CAR
866578,Scotty Miller,WR,,CHI
1231559,Malik Heath,WR,,FA
1107037,Josh Whyle,TE,,GB
1062546,Tylan Wallace,WR,,CLE
880322,Alec Ingold,RB,,LAC
920482,Michael Bandy,WR,,DEN
867759,Ray-Ray McCloud III,WR,,CHI
1218653,Arian Smith,WR,,NYJ
1323007,Gage Larvadain,WR,,CLE
767297,Anthony Firkser,TE,,FA
947634,Chris Oladokun,QB,,KC
1124199,David Martin-Robinson,TE,,TEN
922040,Charlie Woerner,TE,,ATL
322858,Andy Dalton,QB,,PHI
877913,James Proche II,WR,,FA
1056865,Stone Smartt,TE,,PHI
1118668,Ryan Miller,WR,,MIA
1130595,Scott Matlock,RB,,LAC
1108534,Dylan Drummond,WR,,ATL
866149,Josiah Deguara,TE,,NYG
921050,Kylen Granson,TE,,TEN
946748,Kene Nwangwu,RB,,NYJ
976924,Kenny Pickett,QB,,CAR
608360,Robbie Chosen,WR,,WAS
1130213,Ronnie Bell,WR,,NO
1130230,Hassan Haskins,RB,,NE
820866,Braxton Berrios,WR,,NYG
922451,Brittain Brown,RB,,CHI
912061,Cedrick Wilson Jr.,WR,,FA
1286050,Corey Kiner,RB,,ARI
1169329,Max Brosmer,QB,,MIN
1059576,Ty Chandler,RB,,NO
920077,Albert Okwuegbunam Jr.,TE,,LV
1128295,British Brooks,RB,,HOU
837087,Tom Kennedy,WR,,DET
1056660,Austin Trammell,WR,,JAX
1323906,Keleki Latu,TE,,BUF
976251,Cam Akers,RB,,SEA
1215308,Mason Kinsey,WR,,TEN
1384869,Dareke Young,WR,,LV
749968,Durham Smythe,TE,,BAL
1173266,Evan Hull,RB,,ARI
1130833,Deven Thompkins,WR,,LV
1067132,Charlie Jones,WR,,CIN
1129452,Ben Sims,TE,,MIA
1123712,James Mitchell,TE,,CAR
1173032,Tahj Washington,WR,,FA
1168918,Tyler Goodson,RB,,ATL
835861,Trent Sherfield Sr.,WR,,BUF
1284247,Shane Zylstra,TE,,BUF
915066,Reggie Gilliam,RB,,NE
1066811,Aidan O'Connell,QB,,LV
920756,Devin Duvernay,WR,,ARI
976804,Ronnie Rivers,RB,,LAR
1065052,Tay Martin,WR,,DET
976650,Clyde Edwards-Helaire,RB,,KC
1125846,Julius Chestnut,RB,,TEN
882718,Britain Covey,WR,,PHI
1176733,Jared Wayne,WR,,HOU
1225703,Quentin Skinner,WR,,BUF
1060299,Tucker Fisk,TE,,FA
1107232,Colson Yankoff,TE,,WAS
1108998,Dameon Pierce,RB,,PHI
1176782,Jonathan Mingo,WR,,DAL
1380476,Jacoby Jones,WR,,WAS
1169832,Jakobie Keeney-James,WR,,PIT
1216808,Ben Yurosek,TE,,MIN
884315,Alex Bachman,WR,,LAR
919304,Velus Jones Jr.,RB,,SEA
976731,Sal Cannella,TE,,FA
1286173,Moliki Matavao,TE,,NO
1109133,Clayton Tune,QB,,HOU
592195,Teddy Bridgewater,QB,,FA
916467,Harrison Bryant,TE,,FA
1251513,Cam Grandy,TE,,CIN
1049915,David Moore,WR,,CAR
1113477,Derius Davis,WR,,LAC
839043,D'Ernest Johnson,RB,,TEN
1056747,Tim Jones,WR,,JAX
1109731,Blake Whiteheart,TE,,CLE
658389,Patrick Ricard,RB,,NYG
689689,Pharaoh Brown,TE,,IND
976309,DeeJay Dallas,RB,,JAX
604390,Brandon Allen,QB,,NYG
1113398,Bryce Oliver,WR,,TEN
563293,Chris Manhertz,TE,,NYG
1232057,Ke'Shawn Williams,WR,,CIN
975503,Jelani Woods,TE,,NYJ
1468632,Carter Runyon,TE,,LV
1228551,Drake Dabney,TE,,GB
920560,Samori Toure,WR,,PHI
1172990,Josh Williams,RB,,TB
1121863,Jack Westover,RB,,NE
1332922,Amar Johnson,RB,,LAC
1229673,Kalel Mullings,RB,,TEN
1177970,Xavier Gipson,WR,,NYG
1049797,Owen Wright,RB,,HOU
865895,Myles Gaskin,RB,,SEA
910377,Feleipe Franks,TE,,CAR
1167356,Craig Reynolds,RB,,WAS
1062314,Malik Cunningham,WR,,DET
472623,James Winchester,TE,,KC
843733,Mitchell Fraboni,TE,,DEN
606799,Zach Wood,TE,,NO
1120499,Evan Deckers,TE,,TB
300580,Andrew DePaola,TE,,MIN
1064955,Brady Russell,RB,,SEA
1128538,Teagan Quitoriano,TE,,ARI
1181739,William Wagner,TE,,CIN
553024,Tyler Ott,TE,,WAS
1125739,Cameron Latu,TE,,PHI
1286480,Dominic Lovett,WR,,DET
1285958,Robbie Ouzts,RB,,SEA
606488,Nick Vannett,TE,,SEA
748554,Laquon Treadwell,WR,,IND
1059943,Spencer Brown,RB,,FA
1061591,Cal Adomitis,TE,,GB
1164736,Nick Kallerup,TE,,SEA
1121887,Justin Shorter,WR,,LV
820601,Jakob Johnson,TE,,HOU
1180329,Dalen Cambre,WR,,NYG
1125589,Brayden Willis,TE,,SF
1231079,Jason Brownlee,WR,,KC
214197,Marcedes Lewis,TE,,DEN
1506510,Louis Rees-Zammit,WR,,FA
976236,Trey Sermon,RB,,ATL
1161798,Eric Gray,RB,,NYG
1180294,Hayden Rucci,TE,,SF
877596,Steven Sims,WR,,ARI
834195,Jeff Wilson Jr.,RB,,MIA
1120347,Chris Blair,WR,,ATL
1170916,Jalen Moreno-Cropper,WR,,NO
1172752,Treyton Welch,TE,,NO
885940,Giovanni Ricci,TE,,DET
830686,Malik Turner,WR,,SF
832900,Chase Edmonds,RB,,FA
1051781,E.J. Jenkins,TE,,PHI
749681,River Cracraft,WR,,WAS
1128527,Jermar Jefferson,RB,,MIN
1068738,Gary Brightwell,RB,,CIN
1285915,Jackson Meeks,WR,,DET
1176367,Dalevon Campbell,WR,,LAC
881697,Stephen Carlson,TE,,CHI
1184233,Coleman Owen,WR,,IND
1229846,Ricky White III,WR,,SEA
1166045,Nikola Kalinic,TE,,CHI
1317059,Zach Horton,TE,,DET
1287588,CJ Dippre,TE,,NE
944379,Avery Williams,WR,,NYJ
976797,Jordan Mims,RB,,PHI
923814,DJ Turner,WR,,FA
1059585,Princeton Fant,TE,,DAL
886243,Maurice Alexander,WR,,CHI
883314,Dan Chisena,WR,,CAR
1283807,Zach Davidson,TE,,FA
1140248,Cody Schrader,RB,,DEN
1128981,Jashaun Corbin,RB,,DAL
1173485,Ulysses Bentley IV,RB,,IND
1050833,Elijah Mitchell,RB,,FA
1315586,Tejhaun Palmer,WR,,NE
1286662,Jordan Moore,WR,,CIN
1106382,Jeshaun Jones,WR,,MIN
1164141,Courtney Jackson,WR,,TEN
866216,Brett Rypien,QB,,HOU
1290100,Ja'Corey Brooks,WR,,FA
1183008,Jeremiah Webb,WR,,NE
1213442,Jimmy Holiday,WR,,KC
1166480,Lew Nichols,RB,,PIT
1229386,Brennan Presley,WR,,LAR
822014,Russell Gage Jr.,WR,,SF
1232898,Jabari Small,RB,,DET
1122692,Cole Turner,TE,,FA
911020,Sean McKeon,TE,,FA
1286426,Bryson Green,WR,,FA
880123,Lawrence Cager,TE,,WAS
1286417,JP Richardson,WR,,CHI
1321029,Tru Edwards,WR,,LAR
1317191,Tre Watson,TE,,KC
1322612,Ja'seem Reed,WR,,CAR
1057725,Carlos Washington Jr.,RB,,MIA
1180332,Isaiah Spiller,RB,,FA
1060276,Daewood Davis,WR,,FA
1172115,Winston Wright Jr.,WR,,FA
1514233,Derek Slywka,WR,,FA
1183036,Anthony Landphere,TE,,FA
1121845,Deion Smith,RB,,FA
922092,Jordan Thomas,TE,,FA
1075002,Daylen Baldwin,WR,,FA
1161426,Makai Polk,WR,,FA
143641,Trey Sanders,RB,,FA
976252,Tre' McKitty,TE,,WAS
1123360,Ty Scott,WR,,FA
1233300,Eli Wilson,TE,,FA
884567,Jalen Guyton,WR,,FA
976973,Dalton Keene,TE,,FA
962484,Ethan Fernea,WR,,FA
1185140,OJ Hiliare,WR,,FA
-13000501,Taylor Elgersma,QB,,FA
974492,Kellen Mond,QB,,FA
1113457,Jacob Warren,TE,,FA
976658,Racey McMath,WR,,FA
1213360,Kole Taylor,TE,,FA
1164933,Noah Cain,RB,,FA
1123347,Kobe Lewis,RB,,FA
1120490,Sam Pinckney,WR,,FA
1163988,Ahmarean Brown,WR,,FA
1225059,Marcus Carroll,RB,,FA
1510022,Mike Rigerman,TE,,FA
1509961,JJ Laap,WR,,FA
975816,Jake Fromm,QB,,FA
1243088,Xzavier Henderson,WR,,FA
835437,James Washington,WR,,FA
1107867,Sean Ryan,WR,,FA
1400553,Kevin Jennings,QB,,FA
1226054,DeMeer Blankumsee,WR,,FA
1107008,Ricky Person Jr.,RB,,FA
1171109,Grayson McCall,QB,,FA
1317265,Antario Brown,RB,,FA
1228727,Donovan Smith,QB,,FA
1174184,Hayden Hatten,WR,,FA
1055267,Kyric McGowan,WR,,FA
913826,Byron Pringle,WR,,FA
1218651,Marcus Rosemy-Jacksaint,WR,,FA
1121069,Hassan Hall,RB,,FA
1161730,John Emery Jr.,RB,,FA
1231550,Will Rogers,QB,,FA
895714,Luis Perez,QB,,FA
1127050,Colby Suits,QB,,FA
1214109,Evan Prater,WR,,FA
1129513,Malik Knowles,WR,,FA
1226345,Peny Boone,RB,,FA
1252892,Devon Garrison,TE,,FA
1130844,Gerrit Prince,TE,,FA
922017,La'Mical Perine,RB,,FA
891229,Davion Davis,WR,,FA
1176936,Mason Fairchild,TE,,FA
1051985,Mike Harley Jr.,WR,,FA
919462,Jalen Camp,WR,,FA
1399812,David White Jr.,WR,,FA
1130053,Sam Schnee,WR,,FA
1214174,Donald Chaney,RB,,FA
910766,Anthony Brown Jr.,QB,,FA
1213478,Chip Trayanum,RB,,NYJ
1175819,Luke Benson,TE,,FA
1110873,Casey Bauman,QB,,FA
1109636,Gerry Bohanon,QB,,FA
1180812,Brent Matiscik,TE,,FA
1402136,Rayshon Luke,RB,,FA
919456,Trevon Wesco,TE,,FA
1121074,Marcus Riley,WR,,FA
1478251,Peewee Jarrett,QB,,FA
1214023,Sevion Morrison,RB,,FA
1149190,Riley Sharp,TE,,FA
1127099,JT Daniels,QB,,FA
1176439,Collin Schlee,QB,,FA
1176966,Jake Smith,WR,,FA
1113490,Jack Colletto,RB,,FA
1121827,Daniel Arias,WR,,FA
1107866,TaMerik Williams,RB,,FA
1049250,Terrell Bynum,WR,,FA
886740,Deontay Burnett,WR,,FA
1054923,Chris Pierce Jr.,TE,,FA
756928,Tarik Cohen,RB,,FA
823811,Nick Bawden,RB,,FA
836164,Trace McSorley,QB,,FA
1067478,Jalen Wayne,WR,,FA
1178413,Isaac Rex,TE,,FA
1379270,Joseph Scates,WR,,FA
1122985,Jacob Copeland,WR,,FA
823040,Isaiah McKenzie,WR,,FA
1106992,Lorenzo Lingard,RB,,FA
696112,Nate Sudfeld,QB,,FA
1162793,Max Duggan,QB,,FA
1328696,Tyrone Howell,WR,,FA
1214316,Duece Watts,WR,,FA
881708,Jesper Horsted,TE,,FA
1108004,Brant Kuithe,TE,,FA
1069366,Zander Horvath,RB,,FA
1121846,Dimitri Stanley,WR,,FA
1161865,Nathaniel Peat,RB,,FA
1108842,Andrew Peasley,QB,,FA
1163998,Jam Griffin,RB,,FA
507528,Logan Thomas,TE,,FA
1184918,Pat Conroy,TE,,FA
867047,Jacques Patrick,RB,,FA
1218635,Daijun Edwards,RB,,FA
920809,Kelvin Harmon,WR,,FA
1136402,Sam Wiglusz,WR,,FA
1131204,Jaren Hall,QB,,FA
1217290,Khalan Griffin,RB,,FA
922011,Tyrie Cleveland,WR,,FA
605325,Jakeem Grant Sr.,WR,,FA
1052852,Colton Dowell,WR,,FA
1326266,Layne Pryor,TE,,HOU
1186796,Isaiah Wooden Sr.,WR,,FA
691784,C.J. Beathard,QB,,DET
1325830,Lucas Scott,RB,,BAL
1228586,Danny Gray,WR,,PHI
1214088,Gee Scott Jr.,TE,,FA
1223022,Hunter Dekkers,QB,,NO
1214266,Maximilian Mang,TE,,FA
949134,Quez Watkins,WR,,PHI
1446717,Patrick Murtagh,TE,,DEN
1162109,Luke Deal,TE,,FA
910805,Marcus Simms,WR,,FA
1122587,Jaelen Gill,WR,,FA
836094,Tommy Sweeney,TE,,FA
1214921,Ellis Merriweather,RB,,FA
1050233,Ben Mason,TE,,FA
1128305,Antoine Green,WR,,FA
878911,Andy Isabella,WR,,FA
1068165,Shi Smith,WR,,FA
913368,Miller Forristall,TE,,FA
1167079,Jeff Foreman,WR,,FA
1130538,Lawrence Keys III,WR,,FA
1120247,Izaiah Gathings,TE,,FA
1161082,Trey Knox,TE,,FA
1446480,Keilahn Harris,WR,,FA
944636,Armani Rogers,TE,,FA
1284191,Nate McCrary,RB,,FA
1226008,Brandon Thomas,RB,,FA
1128086,Michael Ezeike,TE,,FA
1121156,Alec Holler,TE,,FA
1182196,Christian Johnstone,TE,,FA
1513992,David Wallis,WR,,FA
882309,La'Michael Pettway,TE,,FA
1178347,Xavier White,WR,,FA
1163266,Bru McCoy,WR,,FA
910567,Hunter Kampmoyer,TE,,FA
1229054,DJ Thomas-Jones,TE,,FA
1107236,Jacob Sirmon,QB,,FA
696882,Jacob Hollister,TE,,FA
1106973,Ben Bryant,QB,,FA
1232249,Colin Granger,TE,,FA
1178564,Zakhari Franklin,WR,,FA
1125063,John Paddock,QB,,FA
976657,Jontre Kirklin,WR,,FA
1214082,Julian Fleming,WR,,FA
1585880,Sam Pitz,TE,,FA
840691,Rashaad Penny,RB,,FA
1276671,Jaden Shirden,RB,,FA
1129496,Phillip Brooks,WR,,FA
1443401,Mario Anderson Jr.,RB,,FA
1162601,Trejan Bridges,WR,,FA
1168960,Ayir Asante,WR,,FA
976428,Anthony McFarland Jr.,RB,,FA
882776,Hakeem Butler,WR,,FA
1126822,Elijah Collins,RB,,FA
934331,Denzel Mims,WR,,DAL
1128108,Kyle Philips,WR,,FA
1510021,DeAngelo Hardy,WR,,FA
1162606,Austin Stogner,TE,,FA
851225,Sammis Reyes,TE,,FA
1131681,Zach Heins,TE,,FA
1164535,Tre Mosley,WR,,FA
1172107,Ali Jennings,WR,,FA
1161856,Austin Jones,RB,,FA
1180368,Peter LeBlanc,WR,,FA
1248720,Joey Hobert,WR,,FA
1214833,Jabre Barber,WR,,FA
1313931,Lincoln Sefcik,TE,,FA
1120925,SaRodorick Thompson Jr.,RB,,FA
975827,Easop Winston Jr.,WR,,FA
951485,Kawaan Baker,WR,,FA
912319,Mathew Sexton,WR,,FA
1123086,Je'Quan Burton,WR,,FA
750097,Matt Breida,RB,,FA
1054872,Isaiah Winstead,WR,,PIT
976243,E.J. Perry,QB,,FA
1049552,Griffin Hebert,WR,,FA
1109989,Jaray Jenkins,WR,,FA
1214042,Maliq Carr,TE,,FA
1058681,Justin Hall,WR,,FA
1163749,Aidan Robbins,RB,,FA
1511554,EJ Smith,RB,,FA
1120135,Cam Johnson,WR,,FA
866174,Tyler Davis,TE,,FA
602241,DeVante Parker,WR,,FA
1121070,Tyler Harrell,WR,,FA
1178556,Oscar Cardenas,TE,,FA
1122507,Trent Pennix,RB,,FA
1229056,Henry Parrish Jr.,RB,,FA
1214288,Quinton Cooley,RB,,FA
1229171,Chandler Morris,QB,,FA
1509800,Kyle Sheets,WR,,FA
1109627,Austin Watkins Jr.,WR,,FA
1215792,Zach Evans,RB,,FA
1392077,Brevin Easton,WR,,FA
830751,Daurice Fountain,WR,,FA
976450,Mohamed Ibrahim,RB,,FA
1319008,Rushawn Baker,RB,,NE
1186307,Treshaun Ward,RB,,FA
865567,Tyron Billy-Johnson,WR,,FA
1178073,Lincoln Victor,WR,,FA
1131214,Dax Milne,WR,,FA
1130007,Jalen Jackson,RB,,FA
946004,Samson Nacua,WR,,FA
1130621,Chevan Cordeiro,QB,,FA
1184077,Shaquan Davis,WR,,FA
1109657,Spencer Petras,QB,,FA
911027,Gerrid Doaks,RB,,FA
1172032,KJ Jefferson,QB,,FA
866112,Stanley Morgan Jr.,WR,,FA
1178561,De'Corian Clark,WR,,FA
741292,Greg Ward,WR,,FA
1107298,Zack Annexstad,QB,,FA
1284057,Bernhard Seikovits,TE,,FA
1111498,Reggie Brown,WR,,FA
1225694,Jared Casey,TE,,FA
883079,Zach Gentry,TE,,FA
1215323,D.K. Kaufman,RB,,FA
1165652,Kairee Robinson,RB,,FA
821950,Jake Luton,QB,,FA
1213721,Ethan Garbers,QB,,FA
914308,Jake Funk,RB,,FA
1178737,Kyle Ford,WR,,FA
935156,Kwamie Lassiter II,WR,,FA
1408823,Jelani Baker,WR,,FA
1166833,Brett Gabbert,QB,,FA
1174735,Marcus Major Jr.,RB,,FA
1443386,Leon Johnson,WR,,FA
1161677,Joseph Ngata,WR,,FA
1161114,Snoop Conner,RB,,FA
1165348,Hank Bachmeier,QB,,FA
1172039,Dominick Blaylock,WR,,FA
1231663,Dillon Johnson,RB,,FA
911710,Austin Mack,WR,,FA
1214733,Corey Rucker,WR,,LV
1161687,Frank Ladson Jr.,WR,,FA
1131687,Jaxon Janke,WR,,FA
1173128,Jalon Calhoun,WR,,FA
1214868,Hudson Card,QB,,FA
1122649,Henry Pearson,TE,,FA
602091,Martavis Bryant,WR,,FA
1319219,Carson Steele,RB,,PHI
555693,Robert Woods,WR,,FA
658447,Zach Pascal,WR,,FA
1068724,Raheem Blackshear,RB,,FA
733754,Mike Williams,WR,,FA
886641,JaMycal Hasty,RB,,NE
1229765,Jaheim Bell,TE,,PIT
838396,Jordan Akins,TE,,FA
1059221,Ihmir Smith-Marsette,WR,,ARI
650914,Amari Cooper,WR,,FA
1061929,Laviska Shenault Jr.,WR,,FA
1169424,Jha'Quan Jackson,WR,,TB
1231136,Javon Baker,WR,,PHI
1214112,Tyler Scott,WR,,LAR
1226343,Rakim Jarrett,WR,,PIT
1131206,Dallin Holker,TE,,FA
911644,Collin Johnson,WR,,FA
881058,K.J. Osborn,WR,,TEN
1215974,Chris Collier,RB,,LV
1180328,Ainias Smith,WR,,FA
884943,Trenton Irwin,WR,,SF
1049254,Jake Haener,QB,,NYG
1228925,Deuce Vaughn,RB,,HOU
822008,DJ Chark,WR,,FA
1109285,Terrace Marshall Jr.,WR,,MIA
1059684,Desmond Ridder,QB,,FA
1172173,Keilan Robinson,RB,,FA
976066,Jalen Reagor,WR,,MIA
1128116,Dorian Thompson-Robinson,QB,,FA
554431,Eric Tomlinson,TE,,FA
842181,Mike Boone,RB,,FA
1161816,Ramel Keyton,WR,,FA
912596,Jalen Virgil,WR,,FA
1054203,John Samuel Shenker,TE,,FA
912553,Jonathan Ward,RB,,BAL
1225999,Brenden Rice,WR,,FA
1049792,Nick Muse,TE,,ATL
910380,Kyle Trask,QB,,CAR
976966,Hendon Hooker,QB,,TEN
933537,J.J. Taylor,RB,,FA
599113,Taylor Heinicke,QB,,FA
1108990,Blake Watson,RB,,FA
557860,Sean Mannion,QB,,FA
605335,DeAndre Washington,RB,,FA
1108526,Thomas Odukoya,TE,,NE
948705,Rodney Williams,TE,,FA
846264,Parker Hesse,TE,,FA
1120915,Erik Ezukanma,WR,,PHI
1106846,Michael Woods II,WR,,FA
1121220,Dante Miller,RB,,NYG
1168245,Sam Howell,QB,,DAL
921460,Brandon Johnson,WR,,LV
1051044,Aaron Shampklin,RB,,FA
1060650,Montrell Washington,WR,,FA
555648,Jordan Matthews,TE,,FA
1058090,Bailey Zappe,QB,,NYJ
976809,Elijah Cooks,WR,,CAR
1134438,Tanner McLachlan,TE,,FA
741447,Tim Boyle,QB,,FA
921454,Marquez Callaway,WR,,FA
1107595,Zack Kuntz,TE,,DAL
1131023,Jaylen Johnson,WR,,FA
867754,Deon Cain,WR,,FA
976528,KJ Hamler,WR,,FA
1248782,Silas Bolden,WR,,FA
1124626,Geor'Quarius Spivey,TE,,FA
1222996,Lawrance Toafili,RB,,FA
1215789,Antwane Wells Jr.,WR,,ATL
1214187,Key'Shawn Smith,WR,,FA
1132122,Jesse Matthews,WR,,FA
974825,Kadarius Toney,WR,,FA
1523471,Tre Stewart,RB,,ARI
1270617,JJ Galbreath,TE,,IND
1405106,Andrew Armstrong,WR,,KC
1316545,ShunDerrick Powell,RB,,FA
1125632,Carter Bradley,QB,,JAX
1169263,Chandler Brayboy,WR,,JAX
1510975,Cole Burgess,WR,,PIT
1287980,Seth Henigan,QB,,FA
1225702,Luke Grimm,WR,,FA
884350,Scotty Washington,TE,,FA
732107,Logan Woodside,QB,,FA
1056392,Lance McCutcheon,WR,,TEN
838318,Chris Myarick,TE,,LV
1181659,Cornelius Johnson,WR,,BAL
1214289,Ahmani Marshall,RB,,CLE
1325513,Hal Presley III,WR,,FA
1218906,Marshall Lang,TE,,MIN
1313642,Montrell Johnson Jr.,RB,,FA
1287778,Anthony Tyus III,RB,,CAR
1060890,Tanner Taula,TE,,TB
1067089,Sean Clifford,QB,,CIN
1213897,Garrett Greene,WR,,TB
1478205,John Jiles,WR,,FA
1215927,Luke Lachey,TE,,FA
1326964,Junior Bergen,WR,,NYJ
1287826,Kyle McCord,QB,,GB
746244,Keith Kirkwood,WR,,BAL
1170921,Josh Kelly,WR,,HOU
820423,Will Grier,QB,,FA
1315563,Bryson Nesbit,TE,,MIN
1222139,Dontae Fleming,WR,,MIN
836347,John Wolford,QB,,FA
1382993,Jamaal Pritchett,WR,,NYJ
1171816,Connor Bazelak,QB,,TB
1213248,Traeshon Holden,WR,,FA
1214249,Israel Abanikanda,RB,,DAL
1123364,Joel Wilson,TE,,TEN
1287566,Donovan Edwards,RB,,MIA
1242787,Cam Miller,QB,,MIA
596417,Phillip Dorsett II,WR,,LV
1229541,AJ Henning,WR,,MIA
1165650,Nick Nash,WR,,WAS
1109711,Sam Hartman,QB,,WAS
1462491,JaQuae Jackson,WR,,LAC
1213928,DJ Uiagalelei,QB,,LAC
1217021,Max Hurleman,WR,,PIT
1166335,Joshua Simon,TE,,ATL
831007,Easton Stick,QB,,IND
1233127,Frank Gore Jr.,RB,,BUF
1213730,Mark Redman,TE,,LAR
1164951,Graham Mertz,QB,,HOU
975829,Sam Ehlinger,QB,,DEN
1060645,Thayer Thomas,WR,,DEN
1181894,Tyrone Broden,WR,,FA
914812,Demetric Felton,RB,,FA
1271703,Jamoi Mayes,WR,,FA
1173174,Jordan Waters,RB,,LAR
1215427,Tommy Mellott,WR,,FA
1229370,Rashod Owens,WR,,FA
1122502,Devin Leary,QB,,FA
1174314,Jerjuan Newton,WR,,FA
1288729,Jordan Bly,WR,,FA
1115470,Johnny Lumpkin,TE,,FA
1586628,Taylor Elgersma,QB,,FA
1326603,Dorian Singer,WR,,FA
912070,Michael Gallup,WR,,FA
1180363,Neal Johnson,TE,,FA
1161729,Tyrion Davis-Price,RB,,FA
1191983,Tyreik McAllister,WR,,FA
1128616,Ben Wooldridge,QB,,FA
1251216,Daniel Jackson,WR,,FA
652520,Alex Erickson,WR,,FA
1296464,Quincy Skinner Jr.,WR,,NYJ
1378836,Cam Camper,WR,,NYJ
1213908,Ajou Ajou,WR,,FA
1213390,Elijah Young,RB,,FA
1181656,Giles Jackson,WR,,FA
1163134,Baylor Cupp,TE,,FA
1123102,Austin Reed,QB,,BAL
1388202,Darius Lassiter,WR,,FA
1586435,Tyler Kahmann,WR,,FA
1177620,Taylor Morin,WR,,FA
1213482,Elijhah Badger,WR,,FA
1173391,Terique Owens,WR,,FA
1175504,Ian Wheeler,RB,,BUF
1214294,Jahmal Banks,WR,,TBD
1215044,Kobe Hudson,WR,,FA
1215506,Dymere Miller,WR,,FA
1110725,Justyn Ross,WR,,FA
913155,Cole Fotheringham,TE,,FA
824080,Dalvin Cook,RB,,FA
1056950,Deon Jackson,RB,,FA
1079304,Troy Hairston,RB,,FA
1058767,Ontaria Wilson,WR,,FA
1223756,Mac Dalena,WR,,FA
1228243,Ja'Quinden Jackson,RB,,PHI
546184,Trevor Siemian,QB,,FA
1214242,Caden Prieskorn,TE,,CAR
1382752,Bryce Pierre,TE,,FA
1172746,Isaiah Neyor,WR,,GB
1136395,Xavier Johnson,WR,,CIN
924362,Quintez Cephus,WR,,FA
1277932,Joaquin Davis,WR,,FA
1223744,Rivaldo Fairweather,TE,,ARI
1215379,Xavier Guillory,WR,,BAL
824177,Matt Sokol,TE,,FA
1168753,Patrick Herbert,TE,,JAX
1215329,Will Sheppard,WR,,GB
1180557,Kyrese Rowan,WR,,DEN
1176792,John Rhys Plumlee,WR,,FA
1286441,Mario Williams,WR,,FA
1215078,Stephen Gosnell,WR,,BUF
1231431,Caleb Lohner,TE,,DEN
1130004,Qadir Ismail,TE,,CHI
1214164,Nate McCollum,WR,,FA
1327421,Roc Taylor,WR,,CAR
1125555,Chase Cota,WR,,FA
884553,Miles Boykin,WR,,CHI
1602898,Shane Watts,RB,,FA
1052860,Dresser Winn,QB,,FA
882436,Michael Jacobson,TE,,FA
1223042,Stevo Klotz,TE,,FA
885394,Mitchell Wilcox,TE,,FA
911219,Seth Green,TE,,FA
1122691,Toa Taua,RB,,FA
1215093,John Copenhaver,TE,,FA
1118722,Jason Bean,QB,,FA
1117791,Landon Parker,WR,,FA
1161190,Kevin Harris,RB,,FA
1050230,Tarik Black,WR,,DET
1589027,Mitch Van Vooren,TE,,DAL
1174651,Nay'Quan Wright,RB,,FA
1222897,Quali Conley,RB,,FA
946101,Tony Jones Jr.,RB,,FA
1191979,Mike Strachan,WR,,FA
1456220,Phil Lutz,WR,,FA
1112357,Shawn Bowman,TE,,ARI
1181288,Payton Thorne,QB,,FA
1285893,Ketron Jackson Jr.,WR,,FA
1233292,Nate Noel,RB,,FA
879277,Ben DiNucci,QB,,FA
1179244,Michael Wiley,RB,,FA
1163445,Eli Pancol,WR,,IND
1124355,Messiah Swinson,TE,,GB
1058076,Dennis Houston,WR,,FA
592538,Jeff Driskel,QB,,FA
1218880,Luke Floriea,WR,,CLE
835779,Royce Freeman,RB,,FA
1107326,Thomas Yassmin,TE,,GB
1127066,McCallan Castles,TE,,GB
1109758,A.T. Perry,WR,,FA
338280,Case Keenum,QB,,CHI
910808,Stephen Sullivan,TE,,FA
747906,John Ross III,WR,,FA
1228255,Moochie Dixon,WR,,FA
913546,Cornell Powell,WR,,PIT
1325467,Monaray Baldwin,WR,,FA
1510955,Kevin Foelsch,TE,,FA
1400365,Blayne Taylor,WR,,FA
1225057,Robert Lewis,WR,,FA
1060861,Jacob Kibodi,RB,,FA
1171333,Ife Adeyi,WR,,FA
1168780,Micah Bernard,RB,,FA
1161818,Kedon Slovis,QB,,ARI
1107584,Adrian Martinez,QB,,SF
922484,Travis Homer,RB,,PIT
880146,Nyheim Miller-Hines,RB,,NO
1231033,LaJohntay Wester,WR,,BAL
752646,Jamal Agnew,WR,,ATL
922026,Mecole Hardman Jr.,WR,,BUF
1050234,Donovan Peoples-Jones,WR,,FA
599649,Jamison Crowder,WR,,FA
878371,Joshua Kelley,RB,,FA
742387,Tyler Boyd,WR,,FA
552586,MyCole Pruitt,TE,,FA
1062845,Xazavian Valladay,RB,,FA
1222147,Emani Bailey,RB,,FA
1213251,Jase McClellan,RB,,FA
881956,Hayden Hurst,TE,,FA
1167484,Jody Fortson,TE,,FA
609496,Allen Robinson II,WR,,FA
1106854,Jack Plummer,QB,,FA
695311,Jamaal Williams,RB,,FA
881670,Lucky Jackson,WR,,DET
1065138,Peyton Hendershot,TE,,FA
835845,Khari Blasingame,RB,,FA
886392,Jacob Harris,WR,,FA
752665,Ross Dwelley,TE,,DET
1386002,Kaden Davis,WR,,CHI
741785,Mike White,QB,,FA
924381,Kendric Pryor,WR,,CIN
1213345,Kendall Milton,RB,,CIN
593305,C.J. Uzomah,TE,,FA
913170,Zack Moss,RB,,FA
728021,Geoff Swaim,TE,,FA
1166545,Deonte Harty,WR,,FA
833514,Cody Thompson,WR,,FA
1056438,Jaelon Darden,WR,,FA
1068199,Braylon Sanders,WR,,FA
1271323,Marcus Yarns,RB,,FA
820435,Brandon Powell,WR,,FA
1054175,Elijah Dotson,RB,,FA
739799,Gus Edwards,RB,,FA
976393,Dominique Dafney,TE,,FA
691055,Nelson Agholor,WR,,FA
835443,D'Onta Foreman,RB,,FA
1218631,Jermaine Burton,WR,,CIN
1313664,Jacolby George,WR,,FA
1117789,T.J. Luther,WR,,FA
749136,Anthony Miller,WR,,BAL
877807,Ke'Shawn Vaughn,RB,,FA
690153,Cordarrelle Patterson,RB,,FA
838487,Gerald Everett,TE,,FA
591801,Chris Conley,WR,,FA
838415,Tre'Quan Smith,WR,,FA
946094,Chase Claypool,WR,,FA
836079,Juwann Winfree,WR,,FA
912698,Josh Pederson,TE,,FA
977636,Sage Surratt,TE,,FA
757521,KhaDarel Hodge,WR,,SF
1108996,Emory Jones,QB,,FA
884080,Van Jefferson,WR,,WAS
1116663,Will Levis,QB,,TEN
924261,Miles Sanders,RB,,FA
1178557,Joshua Cephus,WR,,FA
1172969,Dayton Wade,WR,,BAL
612512,DeAndre Carter,WR,,FA
1229489,Tip Reiman,TE,,ARI
1068822,Travis Vokolek,TE,,FA
1123496,Simi Fehoko,WR,,ARI
865838,Andre Baccellia,WR,,FA
746491,Zay Jones,WR,,HOU
911239,Ko Kieft,TE,,TB
1271740,Drew Ogletree,TE,,IND
1161661,Anthony Gould,WR,,IND
1063397,D.J. Montgomery,WR,,IND
822367,Josh Reynolds,WR,,FA
911985,Jack Stoll,TE,,CLE
1182695,Mason Tipton,WR,,NO
865573,Foster Moreau,TE,,HOU
1172080,Bub Means,WR,,NO
1466721,Mason Pline,TE,,KC
1161739,Trey Palmer,WR,,NO
926280,Dee Eskridge,WR,,FA
1229218,Jalin Conyers,TE,,FA
836103,Noah Brown,WR,,FA
881048,Tyree Jackson,TE,,FA
1179480,Da'Quan Felton,WR,,FA
1120937,Bryce Ford-Wheaton,WR,,FA
1287705,Beaux Collins,WR,,ATL
976761,Gabe Davis,WR,,FA
875649,Donald Parham Jr.,TE,,FA
1128998,Deneric Prince,RB,,FA
1215658,Lan Larison,RB,,NE
1121871,Brevin Jordan,TE,,HOU
733849,Trent Taylor,WR,,FA
1057484,Cody White,WR,,SEA
1172050,Kenny McIntosh,RB,,FA
1127080,Nikko Remigio,WR,,KC
1287639,Jake Briningstool,TE,,KC
1125882,Keaontay Ingram,RB,,FA
1213486,Johnny Wilson,WR,,FA
1131017,John FitzPatrick,TE,,FA
556483,Michael Burton,RB,,CLE
1122323,Lucas Krull,TE,,DEN
1118734,David Durden,WR,,FA
1125607,Tanner Mordecai,QB,,FA
1214876,Troy Omeire,WR,,FA
1313855,Roderick Daniels Jr.,WR,,FA
1180433,TJ Sheffield,WR,,FA
1178635,Kay'Ron Lynch-Adams,RB,,FA
879766,John Kelly Jr.,RB,,FA
1161887,John Jackson III,WR,,FA
1058726,Julian Hicks,WR,,FA
1267471,Kisean Johnson,WR,,GB
1181302,Cade McDonald,WR,,FA
1222478,Tyler Neville,TE,,FA
865649,Bryce Perkins,QB,,FA
1274459,Jermaine Jackson,WR,,FA
1067451,Savon Scarver,WR,,FA
1446848,Brian Walker,TE,,FA
690981,Bryce Treggs,WR,,FA
1060285,Johnny Johnson III,WR,,FA
1225667,Montana Lemonious-Craig,WR,,FA
1174714,Justin Lockhart,WR,,FA
1509833,Wayne Ruby,WR,,FA
1229326,Wesley Steiner,RB,,FA
1134414,Rory Starkey,WR,,FA
1581232,Jordan Petaia,TE,,FA
1051232,Hamze El-Zayat,WR,,FA
1287655,Thomas Fidone II,TE,,NYG
1317287,Brock Lampe,RB,,SEA
1182082,Terrell Jennings,RB,,FA
943635,Patrick Taylor Jr.,RB,,SF
1130245,Ben VanSumeren,RB,,BUF
1319246,Kye Robichaux,RB,,FA
1181892,Deion Hankins,RB,,FA
1173254,Thomas Gordon,TE,,DET
1214318,Michael Pratt,QB,,FA
875523,Kristian Wilkerson,WR,,FA
911619,Shane Buechele,QB,,BUF
1113487,John Stephens Jr.,TE,,DAL
1180347,David Bell,WR,,FA
1287258,Gavin Bartholomew,TE,,MIN
883312,Irvin Charles,WR,,SEA
1321073,Sawyer Robertson,QB,,FA
1324976,Cole Payton,QB,,PHI
1286262,Miller Moss,QB,,CHI
1448305,Joey Aguilar,QB,,JAX
1225681,Jalon Daniels,QB,,TB
1286388,Behren Morton,QB,,NE
1169299,Joe Fagnano,QB,,BAL
1286214,Luke Altmyer,QB,,DET
1287925,Athan Kaliakmanis,QB,,WAS
1228539,Blake Shapen,QB,,FA
1178322,Maverick McIvor,QB,,FA
1379409,Tommy Castellanos,QB,,FA
1164691,Jacob Clark,QB,,LV
1442407,Jake Retzlaff,QB,,FA
1286509,Kaidon Salter,QB,,FA
1271545,Mark Gronowski,QB,,MIA
1286337,Kyron Drones,QB,,FA
1460634,Rahsul Faison,RB,,FA
1394697,Anthony Hankerson,RB,,FA
1396978,Star Thomas,RB,,FA
1229055,Kentrel Bullock,RB,,CIN
1445256,Davon Booth,RB,,CLE
1223748,Kejon Owens,RB,,FA
1329289,Cash Jones,RB,,ATL
1270601,Shomari Lawrence,RB,,FA
1305864,Josh McCray,RB,,FA
1325618,Jaden Nixon,RB,,GB
1287829,Evan Pryor,RB,,FA
1324988,Barika Kpeenu,RB,,TB
1400074,Tawee Walker,RB,,FA
1325800,Chase Roberts,WR,,LV
1287810,Harrison Wallace III,WR,,ARI
1390939,Reggie Virgil,WR,,ARI
1323864,O'Mega Blake,WR,,FA
1214123,Keelan Marion,WR,,ATL
1321078,Jalen Walthall,WR,,FA
1381305,Nic Anderson,WR,,FA
1339352,Jeff Caldwell,WR,,KC
1313657,Romello Brinson,WR,,FA
1398511,Emmanuel Henderson Jr.,WR,,SEA
1401629,Vinny Anthony II,WR,,ATL
1379331,Jordan Hudson,WR,,DAL
1222614,Anthony Smith,WR,,DAL
1397608,Noah Short,WR,,FA
1452585,Michael Wortham,WR,,JAX
1214732,Lincoln Pare,WR,,FA
1228631,Trebor Pena,WR,,JAX
1290542,Donaven McCulley,WR,,MIA
1396942,Dillon Bell,WR,,MIN
1226344,Nick DeGennaro,WR,,NE
1390913,Wesley Grimes,WR,,SF
1321079,RaRa Thomas,WR,,FA
1320390,Jalil Farooq,WR,,FA
1378910,Kendrick Law,WR,,DET
1400513,Hank Beatty,WR,,TEN
1234088,Caullin Lacy,WR,,NYJ
1445267,Jacob De Jesus,WR,,KC
1172922,Ryan Davis,WR,,FA
1316481,Gabriel Benyard,WR,,FA
1398544,Kobe Prentice,WR,,NYG
1324913,Max Tomczak,WR,,BUF
1400070,Junior Vandeross III,WR,,FA
1445120,DT Sheffield,WR,,FA
1288045,Will Pauling,WR,,SF
1380572,Dae'Quan Wright,TE,,FA
1244224,Riley Nowakowski,TE,,PIT
1319948,Josh Cuevas,TE,,BAL
1229542,Dan Villari,TE,,LAR
1290014,Seydou Traore,TE,,MIA
1286401,DJ Rogers,TE,,DAL
1407374,Lance Mason,TE,,PIT
1286282,Lake McRee,TE,,PIT
1326555,Bauer Sharp,TE,,TB
1381307,Jaren Kanak,TE,,TEN
1395857,Josh Kattus,TE,,CIN
1288071,Chamon Metayer,TE,,FA
1310628,Khalil Dinkins,TE,,SF
1399934,Miles Kitselman,TE,,FA
1400558,RJ Maryland,TE,,FA
1325589,Drew Biber,TE,,CLE
1378036,Jeremiah Franklin,TE,,MIA
1403373,Jack Velling,TE,,ATL
1393863,Cody Hardy,TE,,NO
1166989,Kurtis Rourke,QB,,SF
1166944,Malik Taylor,WR,,FA
943189,Trishton Jackson,WR,,ARI
1161897,D.J. Williams,RB,,FA
923834,Dez Fitzpatrick,WR,,FA
884601,Equanimeous St. Brown,WR,,SF
881056,Tyler Mabry,TE,,FA
1286172,Jermaine Terry,TE,,CLE
944428,Irv Smith Jr.,TE,,HOU
943843,Kenny Yeboah,TE,,FA
1323751,Grant DuBose,WR,,FA
1181832,Jaden Smith,WR,,DAL
1289220,Zaire Mitchell-Paden,TE,,NO
913829,Skylar Thompson,QB,,BAL
944343,Alexander Mattison,RB,,FA
915030,Darrynton Evans,RB,,BUF
1069783,Matt Landers,WR,,FA
1286521,Kaden Prather,WR,,GB
1224653,Jalen White,RB,,FA
1125599,Drake Stoops,WR,,TBD
1228634,Damien Alford,WR,,FA
1212622,Carson Towt,TE,,IND
883082,Karan Higdon Jr.,RB,,HOU
607678,Maurice Harris,WR,,NO
876831,Justin Johnson,TE,,ARI
695781,Amba Etta-Tawo,WR,,NYG
1066286,B.J. Baylor,RB,,ATL
865945,TreVontae Hights,WR,,CAR
830938,Cole Herdman,TE,,TEN
749874,Michael Roberts,TE,,MIA
867993,C.J. Conrad,TE,,NYG
945086,Drew Anderson,QB,,ARI
910399,Shea Patterson,QB,,KC
887450,De'Lance Turner,RB,,MIA
464295,MarQueis Gray,TE,,SF
553238,Marcus Murphy,RB,,CAR
838670,Alex Wesley,WR,,CHI
406457,Patrick DiMarco,RB,,BUF
1116182,Paul Butler,TE,,NE
653107,Chad Kelly,QB,,IND
867381,Caleb Repp,TE,,ATL
879279,Darrin Hall,RB,,PIT
836224,Steve Ishmael,WR,,IND
933532,Shawn Poindexter,WR,,SF
867134,Riley Neal,QB,,DEN
560223,Paul Richardson Jr.,WR,,SEA
917775,Earnest Edwards,WR,,LAR
746177,Matt Flanagan,TE,,JAX
907478,Jordan Jones,RB,,GB
1179618,Jaaron Hayek,WR,,KC
874548,Jermiah Braswell,WR,,ARI
616337,Alex Tanney,QB,,NYG
749099,Johnny Holton,WR,,NYG
924196,Sean Riley,WR,,NE
828750,Adam Choice,RB,,SEA
558661,Geremy Davis,WR,,DET
893616,Marvelle Ross,WR,,JAX
828766,Artavis Scott,WR,,HOU
924490,Parker Houston,TE,,ARI
877949,Jared Rice,TE,,LAC
693356,Paxton Lynch,QB,,PIT
746533,Spencer Schnell,WR,,TB
1056855,Sirgeo Hoffman,RB,,ARI
839204,Napoleon Maxwell,RB,,CHI
756569,Jason Vander Laan,TE,,NO
878690,Devin Phelps,WR,,ARI
494969,Vance McDonald,TE,,PIT
876862,Nick Tiano,QB,,HOU
914919,Moritz Bohringer,TE,,CIN
886225,Dax Raymond,TE,,PIT
867043,George Campbell,WR,,NYJ
607847,De'Anthony Thomas,WR,,BAL
540619,Quincy Enunwa,WR,,NYJ
836057,Jon Hilliman,RB,,NYG
747276,Bryant Mitchell,WR,,TB
611616,Josh Woodrum,QB,,WAS
884619,Brandon Polk,WR,,LAR
696122,Jehu Chesson,WR,,NYJ
838249,Charles Scarff,TE,,BAL
693980,Ricardo Louis,WR,,MIA
593517,Jeff Heuerman,TE,,DEN
884246,Felton Davis,WR,,KC
607821,Tra Carson,RB,,DET
739691,Shelton Gibson,WR,,CAR
749064,Dalyn Dawkins,RB,,DET
496208,Tommy Bohanon,RB,,BAL
1138163,Zimari Manning,WR,,DEN
1115441,Christian Scotland-Williamson,TE,,PIT
821868,Marcus Green,WR,,PHI
836211,Jamal Custis,WR,,PIT
910570,Dillon Mitchell,WR,,MIN
679453,Ben Braunecker,TE,,CHI
879280,Quadree Henderson,WR,,PIT
880043,Aca'Cedric Ware,RB,,TB
606045,Josh Ferguson,RB,,WAS
1050875,Billy Brown,TE,,IND
550290,Erik Swoope,TE,,SF
609050,Cody Latimer,TE,,WAS
553696,Josh Bellamy,WR,,NYJ
650978,Jeremy Hill,RB,,LV
910461,Kyle Williams,WR,,TEN
1325562,Max Bredeson,RB,,MIN
1381092,CJ Williams,WR,,JAX
1384626,Carsen Ryan,TE,,CLE
1313532,Devonte Ross,WR,,LAC
1286393,Jerand Bradley,TE,,LAC
1379995,Evan Svoboda,TE,,LAC
1235902,Sincere Brown,WR,,LAC
1403726,Marcus Sanders Jr.,WR,,MIN
1396033,Shaleak Knotts,WR,,FA
1322478,Luke Wysong,WR,,FA
1287685,Alex Bullock,WR,,FA
1287915,Brady Boyd,WR,,JAX
1445115,Ethan Conner,TE,,MIA
1648361,Ben Patterson,WR,,CLE
