NickRank,Name,Position,Team,Score,DK_rank,Angle_rank,Fantasy_rank,Sources,DK_move
1,Jahmyr Gibbs,RB,DET,1.0,1,1,1,3,0
2,Bijan Robinson,RB,ATL,2.0,2,2,2,3,0
3,Ja'Marr Chase,WR,CIN,3.0,3,3,3,3,0
4,Puka Nacua,WR,LAR,4.0,4,4,4,3,0
5,Christian McCaffrey,RB,SF,6.0,6,7,5,3,1
6,Amon-Ra St. Brown,WR,DET,6.25,7,5,6,3,1
7,Jaxon Smith-Njigba,WR,SEA,6.5,5,6,10,3,-2
8,Jonathan Taylor,RB,IND,8.25,8,8,9,3,0
9,James Cook III,RB,BUF,8.5,9,9,7,3,0
10,CeeDee Lamb,WR,DAL,11.25,11,12,11,3,1
11,Chase Brown,RB,CIN,11.25,13,11,8,3,2
12,Kenneth Walker III,RB,KC,13.25,14,10,15,3,2
13,Justin Jefferson,WR,MIN,13.5,10,13,21,3,-3
14,Saquon Barkley,RB,PHI,14.25,12,17,16,3,-2
15,Omarion Hampton,RB,LAC,14.75,16,15,12,3,1
16,De'Von Achane,RB,MIA,16.75,15,23,14,3,-1
17,Derrick Henry,RB,BAL,16.75,18,18,13,3,1
18,Ashton Jeanty,RB,LV,18.25,20,16,17,3,2
19,A.J. Brown,WR,NE,18.5,17,21,19,3,-2
20,Brock Bowers,TE,LV,19.25,19,14,25,3,-1
21,Malik Nabers,WR,NYG,22.0,23,20,22,3,2
22,Drake London,WR,ATL,22.75,21,26,23,3,-1
23,Chris Olave,WR,NO,22.75,22,19,28,3,-1
24,George Pickens,WR,DAL,23.0,24,24,20,3,0
25,Nico Collins,WR,HOU,23.25,25,25,18,3,0
26,DeVonta Smith,WR,PHI,27.75,30,22,29,3,4
27,Rashee Rice,WR,KC,30.0,26,31,37,3,-1
28,Trey McBride,TE,ARI,30.0,27,32,34,3,-1
29,Ladd McConkey,WR,LAC,31.0,32,28,32,3,3
30,Jaylen Waddle,WR,DEN,31.25,34,27,30,3,4
31,Jeremiyah Love,RB,ARI,32.25,35,35,24,3,4
32,Zay Flowers,WR,BAL,33.0,33,40,26,3,1
33,Javonte Williams,RB,DAL,33.75,31,37,36,3,-2
34,Josh Allen,QB,BUF,34.25,28,36,45,3,-6
35,Kyren Williams,RB,LAR,35.75,29,44,41,3,-6
36,Tee Higgins,WR,CIN,36.25,36,42,31,3,0
37,Colston Loveland,TE,CHI,36.5,39,33,35,3,2
38,Emeka Egbuka,WR,TB,36.5,42,29,33,3,4
39,Garrett Wilson,WR,NYJ,37.75,37,30,47,3,-2
40,Travis Etienne Jr.,RB,NO,39.5,38,38,44,3,-2
41,Luther Burden III,WR,CHI,39.5,46,39,27,3,5
42,D'Andre Swift,RB,CHI,41.75,43,43,38,3,1
43,Breece Hall,RB,NYJ,42.25,41,34,53,3,-2
44,Tetairoa McMillan,WR,CAR,43.25,44,46,39,3,0
45,Cam Skattebo,RB,NYG,45.5,45,50,42,3,0
46,Davante Adams,WR,LAR,46.75,48,48,43,3,2
47,Jameson Williams,WR,DET,48.5,50,45,49,3,3
48,DJ Moore,WR,BUF,48.75,40,57,58,3,-8
49,David Montgomery,RB,HOU,50.5,47,54,54,3,-2
50,Parker Washington,WR,JAX,51.5,49,51,57,3,-1
51,Christian Watson,WR,GB,52.0,55,52,46,3,4
52,Bhayshul Tuten,RB,JAX,52.25,51,55,52,3,-1
53,Terry McLaurin,WR,WAS,52.75,54,41,62,3,1
54,Bucky Irving,RB,TB,53.25,53,67,40,3,-1
55,Rome Odunze,WR,CHI,55.0,58,56,48,3,3
56,Mike Evans,WR,SF,55.0,60,49,51,3,4
57,Lamar Jackson,QB,BAL,57.5,56,47,71,3,-1
58,Tyler Warren,TE,IND,59.0,61,53,61,3,3
59,Jadarian Price,RB,SEA,59.75,57,66,59,3,-2
60,Quinshon Judkins,RB,CLE,60.25,59,68,55,3,-1
61,Rhamondre Stevenson,RB,NE,60.75,64,65,50,3,3
62,Josh Jacobs,RB,GB,61.75,52,63,80,3,-10
63,Drake Maye,QB,NE,65.0,65,60,70,3,2
64,Joe Burrow,QB,CIN,67.0,62,61,83,3,-2
65,Tucker Kraft,TE,GB,67.25,74,58,63,3,9
66,TreVeyon Henderson,RB,NE,68.75,66,64,79,3,0
67,Jaylen Warren,RB,PIT,69.0,70,76,60,3,3
68,Chris Godwin Jr.,WR,TB,70.75,69,81,64,3,1
69,Jonathon Brooks,RB,CAR,71.0,68,83,65,3,-1
70,Marvin Harrison Jr.,WR,ARI,71.25,63,86,73,3,-7
71,Jayden Daniels,QB,WAS,71.25,75,59,76,3,4
72,Caleb Williams,QB,CHI,72.5,71,70,78,3,-1
73,Sam LaPorta,TE,DET,73.0,87,62,56,3,14
74,Carnell Tate,WR,TEN,76.25,67,84,87,3,-7
75,Jalen Hurts,QB,PHI,76.5,76,72,82,3,1
76,Michael Wilson,WR,ARI,78.75,73,95,74,3,-3
77,Josh Downs,WR,IND,79.0,88,73,67,3,11
78,Quentin Johnston,WR,LAC,79.5,79,91,69,3,1
79,Justin Herbert,QB,LAC,81.0,86,71,81,3,7
80,Tony Pollard,RB,TEN,84.25,80,79,98,3,0
81,Harold Fannin Jr.,TE,CLE,84.5,98,74,68,3,17
82,Stefon Diggs,WR,WAS,85.75,83,100,77,3,1
83,Kyle Pitts Sr.,TE,ATL,87.25,92,75,90,3,9
84,Jordan Mason,RB,MIN,87.5,93,89,75,3,9
85,Blake Corum,RB,LAR,88.0,90,87,85,3,5
86,Trevor Lawrence,QB,JAX,88.0,91,69,101,3,5
87,Rico Dowdle,RB,PIT,88.25,84,90,95,3,-3
88,Jayden Reed,WR,GB,89.0,89,112,66,3,1
89,DK Metcalf,WR,PIT,89.75,81,92,105,3,-8
90,De'Zhaun Stribling,WR,SF,90.75,85,102,91,3,-5
91,Michael Pittman Jr.,WR,PIT,90.75,107,77,72,3,16
92,Wan'Dale Robinson,WR,TEN,91.25,96,80,93,3,4
93,Courtland Sutton,WR,DEN,92.5,77,96,120,3,-16
94,Dak Prescott,QB,DAL,93.25,78,78,139,3,-16
95,Jordan Addison,WR,MIN,94.0,97,93,89,3,2
96,RJ Harvey,RB,DEN,94.75,82,108,107,3,-14
97,Kenny Gainwell,RB,TB,99.0,95,107,99,3,-2
98,Makai Lemon,WR,PHI,101.25,104,109,88,3,6
99,J.K. Dobbins,RB,DEN,101.25,105,82,113,3,6
100,Brock Purdy,QB,SF,103.0,108,94,102,3,8
101,Dalton Kincaid,TE,BUF,104.0,103,104,106,3,2
102,KC Concepcion,WR,CLE,105.0,111,101,97,3,9
103,Alec Pierce,WR,IND,105.25,110,105,96,3,7
104,Jacory Croskey-Merritt,RB,WAS,105.75,100,106,117,3,-4
105,Brian Thomas Jr.,WR,JAX,107.25,72,85,,2,-33
106,George Kittle,TE,SF,107.25,109,97,114,3,3
107,Isaiah Likely,TE,NYG,109.75,114,99,112,3,7
108,Dallas Goedert,TE,PHI,110.25,117,103,104,3,9
109,Matthew Golden,WR,GB,110.75,99,124,121,3,-10
110,Jaxson Dart,QB,NYG,112.25,112,114,111,3,2
111,Chuba Hubbard,RB,CAR,112.25,113,88,135,3,2
112,Romeo Doubs,WR,NE,113.25,116,129,92,3,4
113,Jakobi Meyers,WR,JAX,114.25,130,111,86,3,17
114,Matthew Stafford,QB,LAR,115.0,94,118,154,3,-20
115,Bo Nix,QB,DEN,116.5,106,116,138,3,-9
116,Patrick Mahomes,QB,KC,117.25,101,115,152,3,-15
117,Jared Goff,QB,DET,117.5,102,113,153,3,-15
118,Rachaad White,RB,WAS,117.5,127,122,94,3,9
119,Kyle Monangai,RB,CHI,118.75,120,127,108,3,1
120,Kyler Murray,QB,MIN,119.5,118,132,110,3,-2
121,Jalen Coker,WR,CAR,120.25,126,110,119,3,5
122,MarShawn Lloyd,RB,GB,122.5,129,148,84,3,7
123,Deebo Samuel Sr.,WR,SF,123.25,119,133,122,3,-4
124,Aaron Jones Sr.,RB,MIN,123.75,132,131,100,3,8
125,Chris Rodriguez Jr.,RB,JAX,125.25,133,120,115,3,8
126,Mike Washington Jr.,RB,LV,128.25,122,,118,2,-4
127,Travis Kelce,TE,KC,128.5,121,98,174,3,-6
128,Jordyn Tyson,WR,NO,130.5,131,130,130,3,3
129,Xavier Worthy,WR,KC,130.75,125,128,145,3,-4
130,Baker Mayfield,QB,TB,131.5,124,138,140,3,-6
131,Juwan Johnson,TE,NO,132.0,137,125,129,3,6
132,Malik Willis,QB,MIA,132.25,135,136,123,3,3
133,Tyler Shough,QB,NO,133.0,123,117,169,3,-10
134,Jonah Coleman,RB,DEN,133.5,146,139,103,3,12
135,Jordan Love,QB,GB,134.25,115,137,170,3,-20
136,Jake Ferguson,TE,DAL,134.75,128,,132,2,-8
137,Keaton Mitchell,RB,LAC,136.25,141,121,142,3,4
138,Rashid Shaheed,WR,SEA,136.5,138,119,151,3,0
139,Khalil Shakir,WR,BUF,139.5,134,135,155,3,-5
140,Woody Marks,RB,HOU,141.0,136,,141,2,-4
141,Tyjae Spears,RB,TEN,141.0,152,134,126,3,11
142,Tyler Allgeier,RB,ARI,145.0,139,143,159,3,-3
143,Ja'Kobi Lane,WR,BAL,146.0,142,,149,2,-1
144,Brenton Strange,TE,JAX,146.0,150,,133,2,6
145,Zach Charbonnet,RB,SEA,146.5,159,,109,2,14
146,Terrance Ferguson,TE,LAR,146.75,157,,116,2,11
147,Daniel Jones,QB,IND,148.5,140,141,173,3,-7
148,Tank Bigsby,RB,PHI,149.5,164,145,125,3,16
149,Tre Tucker,WR,LV,152.75,153,149,156,3,4
150,C.J. Stroud,QB,HOU,153.25,145,,172,2,-5
151,Cyrus Allen,WR,KC,154.0,160,150,146,3,9
152,Chig Okonkwo,TE,WAS,155.0,147,126,,2,-5
153,Dalton Schultz,TE,HOU,155.0,162,,134,2,9
154,Ryan Flournoy,WR,DAL,155.0,171,147,131,3,17
155,Dontayvion Wicks,WR,PHI,155.75,156,146,165,3,1
156,Mark Andrews,TE,BAL,156.5,143,140,,2,-13
157,Sam Darnold,QB,SEA,157.75,144,,192,2,-13
158,Denzel Boston,WR,CLE,160.0,149,142,,2,-9
159,Keenan Allen,WR,IND,160.25,151,,188,2,-8
160,Malik Washington,WR,MIA,161.75,148,,,1,-12
161,Kayshon Boutte,WR,HOU,162.0,170,123,185,3,9
162,Hunter Henry,TE,NE,163.0,154,144,,2,-8
163,Jalen Nailor,WR,LV,166.25,155,,,1,-8
164,Tyrone Tracy Jr.,RB,NYG,168.0,163,,183,2,-1
165,Cam Ward,QB,TEN,168.5,158,,,1,-7
166,Isiah Pacheco,RB,DET,168.5,179,,137,2,13
167,Dylan Sampson,RB,CLE,168.75,165,,180,2,-2
168,Kaelon Black,RB,SF,169.25,183,,128,2,15
169,Caleb Douglas,WR,MIA,169.5,176,,150,2,7
170,Pat Bryant,WR,DEN,169.75,174,,157,2,4
171,Tre' Harris,WR,LAC,169.75,177,,148,2,6
172,Bryce Young,QB,CAR,170.75,161,,,1,-11
173,Jauan Jennings,WR,MIN,170.75,173,,164,2,0
174,Jalen McMillan,WR,TB,172.5,168,,186,2,-6
175,Adonai Mitchell,WR,NYJ,174.5,166,,,1,-9
176,Emmett Johnson,RB,KC,175.0,192,,124,2,16
177,Jacoby Brissett,QB,ARI,175.25,167,,,1,-10
178,T.J. Hockenson,TE,MIN,176.75,169,,,1,-9
179,Braelon Allen,RB,NYJ,179.0,172,,,1,-7
180,Oronde Gadsden II,TE,LAC,180.75,184,,171,2,4
181,Aaron Rodgers,QB,PIT,181.25,175,,,1,-6
182,Ray Davis,RB,BUF,181.25,189,,158,2,7
183,Jaydon Blue,RB,DAL,182.5,188,,166,2,5
184,Kimani Vidal,RB,LAC,182.5,201,,127,2,17
185,Travis Hunter,WR,JAX,183.5,178,,,1,-7
186,Malachi Fields,WR,NYG,183.5,181,,191,2,-5
187,AJ Barner,TE,SEA,185.0,180,,,1,-7
188,Omar Cooper Jr.,WR,NYJ,185.0,193,,161,2,5
189,Tank Dell,WR,HOU,186.5,182,,,1,-7
190,Chris Bell,WR,MIA,186.75,200,,147,2,10
191,Greg Dulcich,TE,MIA,188.75,185,,,1,-6
192,Geno Smith,QB,NYJ,189.5,186,,,1,-6
193,Devaughn Vele,WR,NO,189.75,194,,177,2,1
194,Alvin Kamara,RB,NO,190.25,187,,,1,-7
195,Cade Otton,TE,TB,191.0,196,,176,2,1
196,Fernando Mendoza,QB,LV,191.25,190,,195,2,-6
197,Gunnar Helm,TE,TEN,191.5,197,,175,2,0
198,Brian Robinson Jr.,RB,ATL,191.75,195,,182,2,-3
199,Kenyon Sadiq,TE,NYJ,193.25,191,,,1,-8
200,Zachariah Branch,WR,ATL,193.75,205,,160,2,5
201,Isaac TeSlaa,WR,DET,198.5,198,,,1,-3
202,Jaylin Noel,WR,HOU,198.75,217,,144,2,15
203,Jerry Jeudy,WR,CLE,199.25,199,,,1,-4
204,Jayden Higgins,WR,HOU,202.0,202,,,1,-2
205,Pat Freiermuth,TE,PIT,203.0,203,,,1,-2
206,Calvin Ridley,WR,TEN,204.0,204,,,1,-2
207,Germie Bernard,WR,PIT,204.25,213,,178,2,6
208,Cooper Kupp,WR,SEA,206.0,206,,,1,-2
209,Ted Hurst III,WR,TB,206.25,209,,198,2,0
210,Colby Parkinson,TE,LAR,207.0,207,,,1,-3
211,Justice Hill,RB,BAL,208.0,208,,,1,-3
212,George Holani,RB,SEA,210.0,210,,,1,-2
213,Najee Harris,RB,NYG,211.0,211,,,1,-2
214,Antonio Williams,WR,WAS,211.25,222,,179,2,8
215,Rashod Bateman,WR,BAL,211.5,226,,168,2,11
216,David Njoku,TE,LAC,212.0,212,,,1,-4
217,Malik Davis,RB,DAL,213.25,230,,163,2,13
218,Sean Tucker,RB,TB,214.0,214,,,1,-4
219,Ricky Pearsall,WR,SF,215.0,215,,,1,-4
220,Kaytron Allen,RB,WAS,215.5,227,,181,2,7
221,Michael Penix Jr.,QB,ATL,216.0,216,,,1,-5
222,Tua Tagovailoa,QB,ATL,218.0,218,,,1,-4
223,Darren Waller,TE,CAR,219.0,219,,,1,-4
224,Nick Singleton,RB,TEN,220.0,220,,,1,-4
225,Keon Coleman,WR,BUF,221.0,221,,,1,-4
226,Evan Engram,TE,DEN,223.0,223,,,1,-3
227,Kirk Cousins,QB,LV,224.0,224,,,1,-3
228,James Conner,RB,ARI,224.0,243,,167,2,15
229,Deshaun Watson,QB,CLE,225.0,225,,,1,-4
230,Darnell Mooney,WR,NYG,226.75,236,,199,2,6
231,Samaje Perine,RB,CIN,228.0,228,,,1,-3
232,Charlie Kolar,TE,LAC,229.0,229,,,1,-3
233,Demond Claiborne,RB,MIN,230.5,262,,136,2,29
234,Shedeur Sanders,QB,CLE,231.0,231,,,1,-3
235,Troy Franklin,WR,DEN,232.0,232,,,1,-3
236,Tyquan Thornton,WR,KC,232.75,246,,193,2,10
237,JuJu Smith-Schuster,WR,FA,233.0,233,,,1,-4
238,Xavier Hutchinson,WR,HOU,234.0,234,,,1,-4
239,Seth McGowan,RB,IND,235.0,235,,,1,-4
240,DeMario Douglas,WR,NE,236.75,251,,194,2,11
241,Jake Tonges,TE,SF,237.0,237,,,1,-4
242,Tyreek Hill,WR,FA,238.0,238,,,1,-4
243,Trevor Etienne,RB,CAR,239.0,239,,,1,-4
244,DeAndre Hopkins,WR,FA,240.0,240,,,1,-4
245,Gregory Desrosiers,RB,LAC,241.0,241,,,1,-4
246,Joe Mixon,RB,FA,242.0,242,,,1,-4
247,Khalil Herbert,RB,SF,244.0,244,,,1,-3
248,Jacardia Wright,RB,SEA,245.0,245,,,1,-3
249,Michael Mayer,TE,LV,246.25,263,,196,2,14
250,Jordan James,RB,SF,246.75,275,,162,2,25
251,Skyler Bell,WR,BUF,247.0,247,,,1,-4
252,Odell Beckham Jr.,WR,NYG,248.0,248,,,1,-4
253,Jaylin Lane,WR,WAS,249.0,249,,,1,-4
254,Emari Demercado,RB,KC,250.0,250,,,1,-4
255,Jalen Brooks,WR,ARI,252.0,252,,,1,-3
256,Emanuel Wilson,RB,SEA,253.0,253,,,1,-3
257,Kyle Juszczyk,RB,SF,254.0,254,,,1,-3
258,Dylan Laube,RB,LV,255.0,255,,,1,-3
259,Salvon Ahmed,RB,CHI,256.0,256,,,1,-3
260,Sincere McCormick,RB,SF,257.0,257,,,1,-3
261,Jaleel McLaughlin,RB,DEN,258.0,258,,,1,-3
262,Mike Gesicki,TE,CIN,259.0,259,,,1,-3
263,Trey Benson,RB,ARI,260.0,260,,,1,-3
264,Will Shipley,RB,PHI,261.0,261,,,1,-3
265,Tanner Koziol,TE,JAX,264.0,264,,,1,-1
266,Zamir White,RB,NO,265.0,265,,,1,-1
267,CJ Daniels,WR,LAR,266.0,266,,,1,-1
268,Mack Hollins,WR,NE,267.0,267,,,1,-1
269,Max Klare,TE,LAR,268.0,268,,,1,-1
270,Devin Neal,RB,NO,269.0,269,,,1,-1
271,Josh Cameron,WR,JAX,270.0,270,,,1,-1
272,Roschon Johnson,RB,CHI,271.0,271,,,1,-1
273,Zach Ertz,TE,FA,272.0,272,,,1,-1
274,Kyle Williams,WR,NE,272.5,302,,184,2,28
275,Phil Mafah,RB,DAL,273.0,273,,,1,-2
276,Sterling Shepard,WR,HOU,274.0,274,,,1,-2
277,Adam Randall,RB,BAL,275.75,320,,143,2,43
278,Marquez Valdes-Scantling,WR,DAL,276.0,276,,,1,-2
279,Carson Beck,QB,ARI,277.0,277,,,1,-2
280,Taysom Hill,TE,FA,278.0,278,,,1,-2
281,Sione Vaki,RB,DET,279.0,279,,,1,-2
282,Devin Singletary,RB,NYG,280.0,280,,,1,-2
283,J'Mari Taylor,RB,JAX,281.0,281,,,1,-2
284,Kaden Wetjen,WR,PIT,282.0,282,,,1,-2
285,Kaleb Johnson,RB,PIT,283.0,283,,,1,-2
286,Skyy Moore,WR,GB,284.0,284,,,1,-2
287,Hollywood Brown,WR,PHI,285.0,285,,,1,-2
288,Luke McCaffrey,WR,WAS,286.0,286,,,1,-2
289,Christian Kirk,WR,SF,287.0,287,,,1,-2
290,Calvin Austin III,WR,NYG,288.0,288,,,1,-2
291,Isaiah Bond,WR,CLE,289.0,289,,,1,-2
292,Dean Connors,RB,LAR,290.0,290,,,1,-2
293,Nick Westbrook-Ikhine,WR,IND,291.0,291,,,1,-2
294,Eli Heidenreich,WR,PIT,292.0,292,,,1,-2
295,Noah Thomas,WR,CIN,293.0,293,,,1,-2
296,Audric Estime,RB,NO,294.0,294,,,1,-2
297,Dont'e Thornton Jr.,WR,LV,295.0,295,,,1,-2
298,Nick Chubb,RB,FA,296.0,296,,,1,-2
299,Chris Brooks,RB,GB,297.0,297,,,1,-2
300,Marvin Mims Jr.,WR,DEN,298.0,298,,,1,-2
301,Barion Brown,WR,NO,298.75,336,,187,2,35
302,Devontez Walker,WR,BAL,299.0,299,,,1,-3
303,Michael Trigg,TE,DAL,300.0,300,,,1,-3
304,Jimmy Horn Jr.,WR,CAR,301.0,301,,,1,-3
305,Jaylen Wright,RB,MIA,303.0,303,,,1,-2
306,Raheim Sanders,RB,CLE,304.0,304,,,1,-2
307,Darius Cooper,WR,PHI,305.0,305,,,1,-2
308,Isaac Guerendo,RB,SF,306.0,306,,,1,-2
309,Brandon Aiyuk,WR,SF,307.0,307,,,1,-2
310,Will Kacmarek,TE,MIA,308.0,308,,,1,-2
311,Michael Carter,RB,TEN,309.0,309,,,1,-2
312,Kareem Hunt,RB,FA,310.0,310,,,1,-2
313,Spencer Rattler,QB,NO,311.0,311,,,1,-2
314,Kendre Miller,RB,NO,312.0,312,,,1,-2
315,Tommy DeVito,QB,NE,313.0,313,,,1,-2
316,Jahdae Walker,WR,CHI,314.0,314,,,1,-2
317,Will Howard,QB,PIT,315.0,315,,,1,-2
318,Stetson Bennett IV,QB,LAR,316.0,316,,,1,-2
319,Kevin Coleman Jr.,WR,MIA,317.0,317,,,1,-2
320,Eli Stowers,TE,PHI,318.0,318,,,1,-2
321,Jalen Tolbert,WR,MIA,319.0,319,,,1,-2
322,Montorie Foster Jr.,WR,SEA,321.0,321,,,1,-1
323,Tez Johnson,WR,TB,321.0,365,,189,2,42
324,Deion Burks,WR,IND,322.0,322,,,1,-2
325,Brevyn Spann-Ford,TE,DAL,323.0,323,,,1,-2
326,John Metchie III,WR,CAR,324.0,324,,,1,-2
327,Ben Sinnott,TE,WAS,325.0,325,,,1,-2
328,Elijah Sarratt,WR,BAL,326.0,326,,,1,-2
329,Tyler Higbee,TE,LAR,327.0,327,,,1,-2
330,Bam Knight,RB,ARI,328.0,328,,,1,-2
331,Bryce Lance,WR,NO,329.0,329,,,1,-2
332,Tutu Atwell,WR,MIA,330.0,330,,,1,-2
333,Jack Bech,WR,LV,330.25,377,,190,2,44
334,Mason Taylor,TE,NYJ,331.0,331,,,1,-3
335,DJ Giddens,RB,IND,332.0,332,,,1,-3
336,Robert Tonyan,TE,PIT,333.0,333,,,1,-3
337,Brenen Thompson,WR,LAC,334.0,334,,,1,-3
338,Tory Horton,WR,SEA,335.0,335,,,1,-3
339,Joe Milton III,QB,DAL,337.0,337,,,1,-2
340,Andrei Iosivas,WR,CIN,338.0,338,,,1,-2
341,Jarquez Hunter,RB,LAR,339.0,339,,,1,-2
342,Treylon Burks,WR,WAS,340.0,340,,,1,-2
343,Gardner Minshew II,QB,ARI,341.0,341,,,1,-2
344,Rasheen Ali,RB,BAL,342.0,342,,,1,-2
345,Drew Allar,QB,PIT,343.0,343,,,1,-2
346,Jalen Royals,WR,KC,344.0,344,,,1,-2
347,KeAndre Lambert-Smith,WR,LAC,345.0,345,,,1,-2
348,Dohnte Meyers,WR,CIN,346.0,346,,,1,-2
349,Mac Jones,QB,SF,347.0,347,,,1,-2
350,Jam Miller,RB,NE,348.0,348,,,1,-2
351,Ty Johnson,RB,BUF,349.0,349,,,1,-2
352,Trey Lance,QB,LAC,350.0,350,,,1,-2
353,Brashard Smith,RB,KC,351.0,351,,,1,-2
354,Jonnu Smith,TE,FA,352.0,352,,,1,-2
355,Lewis Bond,WR,HOU,353.0,353,,,1,-2
356,Cole Kmet,TE,CHI,354.0,354,,,1,-2
357,Joshua Palmer,WR,BUF,355.0,355,,,1,-2
358,Jacob Cowing,WR,SF,356.0,356,,,1,-2
359,Erick All Jr.,TE,CIN,356.0,409,,197,2,50
360,Darius Slayton,WR,NYG,357.0,357,,,1,-3
361,Colbie Young,WR,CIN,358.0,358,,,1,-3
362,Olamide Zaccheaus,WR,ATL,359.0,359,,,1,-3
363,Robert Henry Jr.,RB,WAS,360.0,360,,,1,-3
364,Cedric Tillman,WR,CLE,361.0,361,,,1,-3
365,Jordan Watkins,WR,SF,362.0,362,,,1,-3
366,Darnell Washington,TE,PIT,363.0,363,,,1,-3
367,Elijah Arroyo,TE,SEA,364.0,364,,,1,-3
368,AJ Dillon,RB,CAR,366.0,366,,,1,-2
369,Kalif Raymond,WR,CHI,367.0,367,,,1,-2
370,Zavion Thomas,WR,CHI,368.0,368,,,1,-2
371,Jahan Dotson,WR,ATL,369.0,369,,,1,-2
372,Marlin Klein,TE,HOU,370.0,370,,,1,-2
373,Noah Fant,TE,NO,371.0,371,,,1,-2
374,Tahj Brooks,RB,CIN,372.0,372,,,1,-2
375,KaVontae Turpin,WR,DAL,373.0,373,,,1,-2
376,Ollie Gordon II,RB,MIA,374.0,374,,,1,-2
377,Austin Ekeler,RB,FA,375.0,375,,,1,-2
378,Tommy Tremble,TE,CAR,376.0,376,,,1,-2
379,Malik Benson,WR,LV,378.0,378,,,1,-1
380,J.J. McCarthy,QB,MIN,379.0,379,,,1,-1
381,Ty Simpson,QB,LAR,380.0,380,,,1,-1
382,Demarcus Robinson,WR,SF,381.0,381,,,1,-1
383,Carson Wentz,QB,MIN,382.0,382,,,1,-1
384,Chimere Dike,WR,TEN,383.0,383,,,1,-1
385,Joe Flacco,QB,CIN,384.0,384,,,1,-1
386,Brandin Cooks,WR,FA,385.0,385,,,1,-1
387,Jarrett Stidham,QB,DEN,386.0,386,,,1,-1
388,Kendrick Bourne,WR,ARI,387.0,387,,,1,-1
389,Riley Leonard,QB,IND,388.0,388,,,1,-1
390,Jordan Whittington,WR,LAR,389.0,389,,,1,-1
391,Justin Joly,TE,DEN,390.0,390,,,1,-1
392,Mitch Tinsley,WR,CIN,391.0,391,,,1,-1
393,Isaiah Davis,RB,NYJ,392.0,392,,,1,-1
394,Tyler Huntley,QB,BAL,393.0,393,,,1,-1
395,Ja'Tavion Sanders,TE,CAR,394.0,394,,,1,-1
396,Brock Wright,TE,DET,395.0,395,,,1,-1
397,Dawson Knox,TE,BUF,396.0,396,,,1,-1
398,Isaiah Williams,WR,NYJ,397.0,397,,,1,-1
399,Justin Fields,QB,KC,398.0,398,,,1,-1
400,Kyle Allen,QB,BUF,399.0,399,,,1,-1
401,Roman Wilson,WR,PIT,400.0,400,,,1,-1
402,Ashton Dulin,WR,IND,401.0,401,,,1,-1
403,Konata Mumpfield,WR,LAR,402.0,402,,,1,-1
404,Roman Hemby,RB,LV,403.0,403,,,1,-1
405,Oscar Delp,TE,NO,404.0,404,,,1,-1
406,Savion Williams,WR,GB,405.0,405,,,1,-1
407,Drew Lock,QB,SEA,406.0,406,,,1,-1
408,Eli Raridon,TE,NE,407.0,407,,,1,-1
409,Elic Ayomanor,WR,TEN,408.0,408,,,1,-1
410,LeQuint Allen Jr.,RB,JAX,410.0,410,,,1,0
411,Tai Felton,WR,MIN,411.0,411,,,1,0
412,Jalen Milroe,QB,SEA,412.0,412,,,1,0
413,Josh Oliver,TE,MIN,413.0,413,,,1,0
414,Xavier Legette,WR,CAR,414.0,414,,,1,0
415,Sam Roush,TE,CHI,415.0,415,,,1,0
416,Noah Gray,TE,KC,416.0,416,,,1,0
417,Cade Klubnik,QB,NYJ,417.0,417,,,1,0
418,Dillon Gabriel,QB,CLE,418.0,418,,,1,0
419,Pierre Strong Jr.,RB,GB,419.0,419,,,1,0
420,Anthony Richardson Sr.,QB,IND,420.0,420,,,1,0
421,Jameis Winston,QB,NYG,421.0,421,,,1,0
422,Matt Hibner,TE,BAL,422.0,422,,,1,0
423,Quinn Ewers,QB,MIA,423.0,423,,,1,0
424,Efton Chism III,WR,NE,424.0,424,,,1,0
425,Nate Boerkircher,TE,JAX,425.0,425,,,1,0
426,Joshua Dobbs,QB,DET,426.0,426,,,1,0
427,Elijah Higgins,TE,ARI,427.0,427,,,1,0
428,Myles Price,WR,MIN,428.0,428,,,1,0
429,Greg Dortch,WR,DET,429.0,429,,,1,0
430,Tyler Conklin,TE,DET,430.0,430,,,1,0
431,Theo Johnson,TE,NYG,431.0,431,,,1,0
432,Haynes King,QB,CAR,432.0,432,,,1,0
433,Tyson Bagent,QB,CHI,433.0,433,,,1,0
434,Taylen Green,QB,CLE,434.0,434,,,1,0
435,Jake Browning,QB,TB,435.0,435,,,1,0
436,Jacob Saylors,RB,DET,436.0,436,,,1,0
437,Marcus Mariota,QB,WAS,437.0,437,,,1,0
438,Nick Mullens,QB,JAX,438.0,438,,,1,0
439,Jamal Haynes,RB,CIN,439.0,439,,,1,0
440,Davis Mills,QB,HOU,440.0,440,,,1,0
441,Tyrod Taylor,QB,GB,441.0,441,,,1,0
442,Tanner McKee,QB,PHI,442.0,442,,,1,0
443,Chris Brazzell II,WR,CAR,443.0,443,,,1,0
444,Jaydn Ott,RB,KC,444.0,444,,,1,0
445,Eric McAlister,WR,FA,445.0,445,,,1,0
446,Garrett Nussmeier,QB,KC,446.0,446,,,1,0
447,Jerome Ford,RB,FA,447.0,447,,,1,0
448,Antonio Gibson,RB,FA,448.0,448,,,1,0
449,Le'Veon Moss,RB,FA,449.0,449,,,1,0
450,Terion Stewart,RB,FA,450.0,450,,,1,0
451,Noah Whittington,RB,HOU,451.0,451,,,1,0
452,Desmond Reid,RB,FA,452.0,452,,,1,0
453,CJ Donaldson,RB,NO,453.0,453,,,1,0
454,Aaron Anderson,WR,FA,454.0,454,,,1,0
455,Eric Rivers Jr.,WR,TB,455.0,455,,,1,0
456,Joe Royer,TE,CLE,456.0,456,,,1,0
457,Chris Hilton Jr.,WR,GB,457.0,457,,,1,0
458,Jack Endries,TE,CIN,458.0,458,,,1,0
459,Trinidad Chambliss,QB,FA,459.0,459,,,1,0
460,Diego Pavia,QB,FA,460.0,460,,,1,0
461,Dane Key,WR,DEN,461.0,461,,,1,0
462,Dallen Bentley,TE,DEN,462.0,462,,,1,0
463,John Michael Gyllenborg,TE,KC,463.0,463,,,1,0
464,Jawhar Jordan,RB,HOU,464.0,464,,,1,0
465,Hunter Long,TE,JAX,465.0,465,,,1,0
466,Brenden Bates,TE,FA,466.0,466,,,1,0
467,Jordan Travis,QB,FA,467.0,467,,,1,0
468,Daniel Bellinger,TE,TEN,468.0,468,,,1,0
469,Austin Hooper,TE,ATL,469.0,469,,,1,0
470,Russell Wilson,QB,FA,470.0,470,,,1,0
471,Luke Musgrave,TE,GB,471.0,471,,,1,0
472,Mitchell Evans,TE,CAR,472.0,472,,,1,0
473,Grant Calcaterra,TE,PHI,473.0,473,,,1,0
474,Eric Saubert,TE,SEA,474.0,474,,,1,0
475,Devin Culp,TE,TB,475.0,475,,,1,0
476,Justin Watson,WR,HOU,476.0,476,,,1,0
477,Will Mallory,TE,IND,477.0,477,,,1,0
478,Jared Wiley,TE,KC,478.0,478,,,1,0
479,Brandon Smith,WR,PIT,479.0,479,,,1,0
480,Parris Campbell,WR,FA,480.0,480,,,1,0
481,Noah Togiai,TE,FA,481.0,481,,,1,0
482,Rocky Lombardi,QB,FA,482.0,482,,,1,0
483,Diontae Johnson,WR,FA,483.0,483,,,1,0
484,Ezekiel Elliott,RB,FA,484.0,484,,,1,0
485,Ja'Lynn Polk,WR,FA,485.0,485,,,1,0
486,Tyrell Shavers,WR,BUF,486.0,486,,,1,0
487,Davis Allen,TE,LAR,487.0,487,,,1,0
488,Tim Patrick,WR,NYJ,488.0,488,,,1,0
489,Zavier Scott,RB,MIN,489.0,489,,,1,0
490,Tyler Badie,RB,DEN,490.0,490,,,1,0
491,Lil'Jordan Humphrey,WR,DEN,491.0,491,,,1,0
492,Mitchell Trubisky,QB,TEN,492.0,492,,,1,0
493,Isaiah Hodgins,WR,NYG,493.0,493,,,1,0
494,John Bates,TE,WAS,494.0,494,,,1,0
495,Luke Schoonmaker,TE,DAL,495.0,495,,,1,0
496,Theo Wease Jr.,WR,MIA,496.0,496,,,1,0
497,Will Dissly,TE,FA,497.0,497,,,1,0
498,Cade Stover,TE,HOU,498.0,498,,,1,0
499,Xavier Weaver,WR,ARI,499.0,499,,,1,0
500,Jalin Hyatt,WR,NYG,500.0,500,,,1,0
501,Xavier Restrepo,WR,TEN,501.0,501,,,1,0
502,Cooper Rush,QB,ATL,502.0,502,,,1,0
503,Nathan Carter,RB,ATL,503.0,503,,,1,0
504,Jake Bobo,WR,SEA,504.0,504,,,1,0
505,Payne Durham,TE,TB,505.0,505,,,1,0
506,Zach Wilson,QB,NO,506.0,506,,,1,0
507,Kazmeir Allen,RB,FA,507.0,507,,,1,0
508,Damien Martinez,RB,GB,508.0,508,,,1,0
509,Jimmy Garoppolo,QB,FA,509.0,509,,,1,0
510,Derek Carr,QB,FA,510.0,510,,,1,0
511,J. Michael Sturdivant,WR,GB,511.0,511,,,1,0
512,Jeremy McNichols,RB,WAS,512.0,512,,,1,0
513,Tyler Lockett,WR,FA,513.0,513,,,1,0
514,Jackson Hawes,TE,BUF,514.0,514,,,1,0
515,Dyami Brown,WR,WAS,515.0,515,,,1,0
516,David Sills V,WR,TB,516.0,516,,,1,0
517,Xavier Smith,WR,LAR,517.0,517,,,1,0
518,Tanner Hudson,TE,CIN,518.0,518,,,1,0
519,Jeremy Ruckert,TE,NYJ,519.0,519,,,1,0
520,Adam Trautman,TE,DEN,520.0,520,,,1,0
521,Adam Thielen,WR,FA,521.0,521,,,1,0
522,Chris Moore,WR,BAL,522.0,522,,,1,0
523,Gunner Olszewski,WR,NYG,523.0,523,,,1,0
524,Tyler Johnson,WR,DAL,524.0,524,,,1,0
525,Hunter Luepke,RB,DAL,525.0,525,,,1,0
526,Ameer Abdullah,RB,JAX,526.0,526,,,1,0
527,Brady Cook,QB,NYJ,527.0,527,,,1,0
528,Hunter Renfrow,WR,CAR,528.0,528,,,1,0
529,Philip Rivers,QB,FA,529.0,529,,,1,0
530,Kevin Austin Jr.,WR,NO,530.0,530,,,1,0
531,Drew Sample,TE,CIN,531.0,531,,,1,0
532,Malachi Corley,WR,CLE,532.0,532,,,1,0
533,Julian Hill,TE,NE,533.0,533,,,1,0
534,Mo Alie-Cox,TE,IND,534.0,534,,,1,0
535,Luke Farrell,TE,SF,535.0,535,,,1,0
536,Brycen Tremayne,WR,CAR,536.0,536,,,1,0
537,Raheem Mostert,RB,FA,537.0,537,,,1,0
538,Elijah Moore,WR,PHI,538.0,538,,,1,0
539,Connor Heyward,TE,LV,539.0,539,,,1,0
540,Josh Johnson,QB,CIN,540.0,540,,,1,0
541,Jaret Patterson,RB,LAC,541.0,541,,,1,0
542,Dare Ogunbowale,RB,LV,542.0,542,,,1,0
543,Ian Thomas,TE,LV,543.0,543,,,1,0
544,Andrew Beck,RB,NYJ,544.0,544,,,1,0
545,Allen Lazard,WR,NYJ,545.0,545,,,1,0
546,Curtis Samuel,WR,FA,546.0,546,,,1,0
547,Jamari Thrash,WR,CLE,547.0,547,,,1,0
548,Dante Pettis,WR,BUF,548.0,548,,,1,0
549,Johnny Mundt,TE,PHI,549.0,549,,,1,0
550,Tanner Conner,TE,NYG,550.0,550,,,1,0
551,Mason Rudolph,QB,PIT,551.0,551,,,1,0
552,Kameron Johnson,WR,TB,552.0,552,,,1,0
553,Quintin Morris,TE,JAX,553.0,553,,,1,0
554,Trayveon Williams,RB,DET,554.0,554,,,1,0
555,Ben Skowronek,WR,PIT,555.0,555,,,1,0
556,Nate Adkins,TE,DEN,556.0,556,,,1,0
557,Shedrick Jackson,WR,LV,557.0,557,,,1,0
558,Adam Prentice,RB,DEN,558.0,558,,,1,0
559,C.J. Ham,RB,FA,559.0,559,,,1,0
560,Casey Washington,WR,CAR,560.0,560,,,1,0
561,Scotty Miller,WR,CHI,561.0,561,,,1,0
562,Malik Heath,WR,FA,562.0,562,,,1,0
563,Josh Whyle,TE,GB,563.0,563,,,1,0
564,Tylan Wallace,WR,CLE,564.0,564,,,1,0
565,Alec Ingold,RB,LAC,565.0,565,,,1,0
566,Michael Bandy,WR,DEN,566.0,566,,,1,0
567,Ray-Ray McCloud III,WR,CHI,567.0,567,,,1,0
568,Arian Smith,WR,NYJ,568.0,568,,,1,0
569,Gage Larvadain,WR,CLE,569.0,569,,,1,0
570,Anthony Firkser,TE,FA,570.0,570,,,1,0
571,Chris Oladokun,QB,KC,571.0,571,,,1,0
572,David Martin-Robinson,TE,TEN,572.0,572,,,1,0
573,Charlie Woerner,TE,ATL,573.0,573,,,1,0
574,Andy Dalton,QB,PHI,574.0,574,,,1,0
575,James Proche II,WR,FA,575.0,575,,,1,0
576,Stone Smartt,TE,PHI,576.0,576,,,1,0
577,Ryan Miller,WR,MIA,577.0,577,,,1,0
578,Scott Matlock,RB,LAC,578.0,578,,,1,0
579,Dylan Drummond,WR,ATL,579.0,579,,,1,0
580,Josiah Deguara,TE,NYG,580.0,580,,,1,0
581,Kylen Granson,TE,TEN,581.0,581,,,1,0
582,Kene Nwangwu,RB,NYJ,582.0,582,,,1,0
583,Kenny Pickett,QB,CAR,583.0,583,,,1,0
584,Robbie Chosen,WR,WAS,584.0,584,,,1,0
585,Ronnie Bell,WR,NO,585.0,585,,,1,0
586,Hassan Haskins,RB,NE,586.0,586,,,1,0
587,Braxton Berrios,WR,NYG,587.0,587,,,1,0
588,Brittain Brown,RB,CHI,588.0,588,,,1,0
589,Cedrick Wilson Jr.,WR,FA,589.0,589,,,1,0
590,Corey Kiner,RB,ARI,590.0,590,,,1,0
591,Max Brosmer,QB,MIN,591.0,591,,,1,0
592,Ty Chandler,RB,NO,592.0,592,,,1,0
593,Albert Okwuegbunam Jr.,TE,LV,593.0,593,,,1,0
594,British Brooks,RB,HOU,594.0,594,,,1,0
595,Tom Kennedy,WR,DET,595.0,595,,,1,0
596,Austin Trammell,WR,JAX,596.0,596,,,1,0
597,Keleki Latu,TE,BUF,597.0,597,,,1,0
598,Cam Akers,RB,SEA,598.0,598,,,1,0
599,Mason Kinsey,WR,TEN,599.0,599,,,1,0
600,Dareke Young,WR,LV,600.0,600,,,1,0
601,Durham Smythe,TE,BAL,601.0,601,,,1,0
602,Evan Hull,RB,ARI,602.0,602,,,1,0
603,Deven Thompkins,WR,LV,603.0,603,,,1,0
604,Charlie Jones,WR,CIN,604.0,604,,,1,0
605,Ben Sims,TE,MIA,605.0,605,,,1,0
606,James Mitchell,TE,CAR,606.0,606,,,1,0
607,Tahj Washington,WR,FA,607.0,607,,,1,0
608,Tyler Goodson,RB,ATL,608.0,608,,,1,0
609,Trent Sherfield Sr.,WR,BUF,609.0,609,,,1,0
610,Shane Zylstra,TE,BUF,610.0,610,,,1,0
611,Reggie Gilliam,RB,NE,611.0,611,,,1,0
612,Aidan O'Connell,QB,LV,612.0,612,,,1,0
613,Devin Duvernay,WR,ARI,613.0,613,,,1,0
614,Ronnie Rivers,RB,LAR,614.0,614,,,1,0
615,Tay Martin,WR,DET,615.0,615,,,1,0
616,Clyde Edwards-Helaire,RB,KC,616.0,616,,,1,0
617,Julius Chestnut,RB,TEN,617.0,617,,,1,0
618,Britain Covey,WR,PHI,618.0,618,,,1,0
619,Jared Wayne,WR,HOU,619.0,619,,,1,0
620,Quentin Skinner,WR,BUF,620.0,620,,,1,0
621,Tucker Fisk,TE,FA,621.0,621,,,1,0
622,Colson Yankoff,TE,WAS,622.0,622,,,1,0
623,Dameon Pierce,RB,PHI,623.0,623,,,1,0
624,Jonathan Mingo,WR,DAL,624.0,624,,,1,0
625,Jacoby Jones,WR,WAS,625.0,625,,,1,0
626,Jakobie Keeney-James,WR,PIT,626.0,626,,,1,0
627,Ben Yurosek,TE,MIN,627.0,627,,,1,0
628,Alex Bachman,WR,LAR,628.0,628,,,1,0
629,Velus Jones Jr.,RB,SEA,629.0,629,,,1,0
630,Sal Cannella,TE,FA,630.0,630,,,1,0
631,Moliki Matavao,TE,NO,631.0,631,,,1,0
632,Clayton Tune,QB,HOU,632.0,632,,,1,0
633,Teddy Bridgewater,QB,FA,633.0,633,,,1,0
634,Harrison Bryant,TE,FA,634.0,634,,,1,0
635,Cam Grandy,TE,CIN,635.0,635,,,1,0
636,David Moore,WR,CAR,636.0,636,,,1,0
637,Derius Davis,WR,LAC,637.0,637,,,1,0
638,D'Ernest Johnson,RB,TEN,638.0,638,,,1,0
639,Tim Jones,WR,JAX,639.0,639,,,1,0
640,Blake Whiteheart,TE,CLE,640.0,640,,,1,0
641,Patrick Ricard,RB,NYG,641.0,641,,,1,0
642,Pharaoh Brown,TE,IND,642.0,642,,,1,0
643,DeeJay Dallas,RB,JAX,643.0,643,,,1,0
644,Brandon Allen,QB,NYG,644.0,644,,,1,0
645,Bryce Oliver,WR,TEN,645.0,645,,,1,0
646,Chris Manhertz,TE,NYG,646.0,646,,,1,0
647,Ke'Shawn Williams,WR,CIN,647.0,647,,,1,0
648,Jelani Woods,TE,NYJ,648.0,648,,,1,0
649,Carter Runyon,TE,LV,649.0,649,,,1,0
650,Drake Dabney,TE,GB,650.0,650,,,1,0
651,Samori Toure,WR,PHI,651.0,651,,,1,0
652,Josh Williams,RB,TB,652.0,652,,,1,0
653,Jack Westover,RB,NE,653.0,653,,,1,0
654,Amar Johnson,RB,LAC,654.0,654,,,1,0
655,Kalel Mullings,RB,TEN,655.0,655,,,1,0
656,Xavier Gipson,WR,NYG,656.0,656,,,1,0
657,Owen Wright,RB,HOU,657.0,657,,,1,0
658,Myles Gaskin,RB,SEA,658.0,658,,,1,0
659,Feleipe Franks,TE,CAR,659.0,659,,,1,0
660,Craig Reynolds,RB,WAS,660.0,660,,,1,0
661,Malik Cunningham,WR,DET,661.0,661,,,1,0
662,James Winchester,TE,KC,662.0,662,,,1,0
663,Mitchell Fraboni,TE,DEN,663.0,663,,,1,0
664,Zach Wood,TE,NO,664.0,664,,,1,0
665,Evan Deckers,TE,TB,665.0,665,,,1,0
666,Andrew DePaola,TE,MIN,666.0,666,,,1,0
667,Brady Russell,RB,SEA,667.0,667,,,1,0
668,Teagan Quitoriano,TE,ARI,668.0,668,,,1,0
669,William Wagner,TE,CIN,669.0,669,,,1,0
670,Tyler Ott,TE,WAS,670.0,670,,,1,0
671,Cameron Latu,TE,PHI,671.0,671,,,1,0
672,Dominic Lovett,WR,DET,672.0,672,,,1,0
673,Robbie Ouzts,RB,SEA,673.0,673,,,1,0
674,Nick Vannett,TE,SEA,674.0,674,,,1,0
675,Laquon Treadwell,WR,IND,675.0,675,,,1,0
676,Spencer Brown,RB,FA,676.0,676,,,1,0
677,Cal Adomitis,TE,GB,677.0,677,,,1,0
678,Nick Kallerup,TE,SEA,678.0,678,,,1,0
679,Justin Shorter,WR,LV,679.0,679,,,1,0
680,Jakob Johnson,TE,HOU,680.0,680,,,1,0
681,Dalen Cambre,WR,NYG,681.0,681,,,1,0
682,Brayden Willis,TE,SF,682.0,682,,,1,0
683,Jason Brownlee,WR,KC,683.0,683,,,1,0
684,Marcedes Lewis,TE,DEN,684.0,684,,,1,0
685,Louis Rees-Zammit,WR,FA,685.0,685,,,1,0
686,Trey Sermon,RB,ATL,686.0,686,,,1,0
687,Eric Gray,RB,NYG,687.0,687,,,1,0
688,Hayden Rucci,TE,SF,688.0,688,,,1,0
689,Steven Sims,WR,ARI,689.0,689,,,1,0
690,Jeff Wilson Jr.,RB,MIA,690.0,690,,,1,0
691,Chris Blair,WR,ATL,691.0,691,,,1,0
692,Jalen Moreno-Cropper,WR,NO,692.0,692,,,1,0
693,Treyton Welch,TE,NO,693.0,693,,,1,0
694,Giovanni Ricci,TE,DET,694.0,694,,,1,0
695,Malik Turner,WR,SF,695.0,695,,,1,0
696,Chase Edmonds,RB,FA,696.0,696,,,1,0
697,E.J. Jenkins,TE,PHI,697.0,697,,,1,0
698,River Cracraft,WR,WAS,698.0,698,,,1,0
699,Jermar Jefferson,RB,MIN,699.0,699,,,1,0
700,Gary Brightwell,RB,CIN,700.0,700,,,1,0
701,Jackson Meeks,WR,DET,701.0,701,,,1,0
702,Dalevon Campbell,WR,LAC,702.0,702,,,1,0
703,Stephen Carlson,TE,CHI,703.0,703,,,1,0
704,Coleman Owen,WR,IND,704.0,704,,,1,0
705,Ricky White III,WR,SEA,705.0,705,,,1,0
706,Nikola Kalinic,TE,CHI,706.0,706,,,1,0
707,Zach Horton,TE,DET,707.0,707,,,1,0
708,CJ Dippre,TE,NE,708.0,708,,,1,0
709,Avery Williams,WR,NYJ,709.0,709,,,1,0
710,Jordan Mims,RB,PHI,710.0,710,,,1,0
711,DJ Turner,WR,FA,711.0,711,,,1,0
712,Princeton Fant,TE,DAL,712.0,712,,,1,0
713,Maurice Alexander,WR,CHI,713.0,713,,,1,0
714,Dan Chisena,WR,CAR,714.0,714,,,1,0
715,Zach Davidson,TE,FA,715.0,715,,,1,0
716,Cody Schrader,RB,DEN,716.0,716,,,1,0
717,Jashaun Corbin,RB,DAL,717.0,717,,,1,0
718,Ulysses Bentley IV,RB,IND,718.0,718,,,1,0
719,Elijah Mitchell,RB,FA,719.0,719,,,1,0
720,Tejhaun Palmer,WR,NE,720.0,720,,,1,0
721,Jordan Moore,WR,CIN,721.0,721,,,1,0
722,Jeshaun Jones,WR,MIN,722.0,722,,,1,0
723,Courtney Jackson,WR,TEN,723.0,723,,,1,0
724,Brett Rypien,QB,HOU,724.0,724,,,1,0
725,Ja'Corey Brooks,WR,FA,725.0,725,,,1,0
726,Jeremiah Webb,WR,NE,726.0,726,,,1,0
727,Jimmy Holiday,WR,KC,727.0,727,,,1,0
728,Lew Nichols,RB,PIT,728.0,728,,,1,0
729,Brennan Presley,WR,LAR,729.0,729,,,1,0
730,Russell Gage Jr.,WR,SF,730.0,730,,,1,0
731,Jabari Small,RB,DET,731.0,731,,,1,0
732,Cole Turner,TE,FA,732.0,732,,,1,0
733,Sean McKeon,TE,FA,733.0,733,,,1,0
734,Bryson Green,WR,FA,734.0,734,,,1,0
735,Lawrence Cager,TE,WAS,735.0,735,,,1,0
736,JP Richardson,WR,CHI,736.0,736,,,1,0
737,Tru Edwards,WR,LAR,737.0,737,,,1,0
738,Tre Watson,TE,KC,738.0,738,,,1,0
739,Ja'seem Reed,WR,CAR,739.0,739,,,1,0
740,Carlos Washington Jr.,RB,MIA,740.0,740,,,1,0
741,Isaiah Spiller,RB,FA,741.0,741,,,1,0
742,Daewood Davis,WR,FA,742.0,742,,,1,0
743,Winston Wright Jr.,WR,FA,743.0,743,,,1,0
744,Derek Slywka,WR,FA,744.0,744,,,1,0
745,Anthony Landphere,TE,FA,745.0,745,,,1,0
746,Deion Smith,RB,FA,746.0,746,,,1,0
747,Jordan Thomas,TE,FA,747.0,747,,,1,0
748,Daylen Baldwin,WR,FA,748.0,748,,,1,0
749,Makai Polk,WR,FA,749.0,749,,,1,0
750,Trey Sanders,RB,FA,750.0,750,,,1,0
751,Tre' McKitty,TE,WAS,751.0,751,,,1,0
752,Ty Scott,WR,FA,752.0,752,,,1,0
753,Eli Wilson,TE,FA,753.0,753,,,1,0
754,Jalen Guyton,WR,FA,754.0,754,,,1,0
755,Dalton Keene,TE,FA,755.0,755,,,1,0
756,Ethan Fernea,WR,FA,756.0,756,,,1,0
757,OJ Hiliare,WR,FA,757.0,757,,,1,0
758,Taylor Elgersma,QB,FA,758.0,758,,,1,0
759,Kellen Mond,QB,FA,759.0,759,,,1,0
760,Jacob Warren,TE,FA,760.0,760,,,1,0
761,Racey McMath,WR,FA,761.0,761,,,1,0
762,Kole Taylor,TE,FA,762.0,762,,,1,0
763,Noah Cain,RB,FA,763.0,763,,,1,0
764,Kobe Lewis,RB,FA,764.0,764,,,1,0
765,Sam Pinckney,WR,FA,765.0,765,,,1,0
766,Ahmarean Brown,WR,FA,766.0,766,,,1,0
767,Marcus Carroll,RB,FA,767.0,767,,,1,0
768,Mike Rigerman,TE,FA,768.0,768,,,1,0
769,JJ Laap,WR,FA,769.0,769,,,1,0
770,Jake Fromm,QB,FA,770.0,770,,,1,0
771,Xzavier Henderson,WR,FA,771.0,771,,,1,0
772,James Washington,WR,FA,772.0,772,,,1,0
773,Sean Ryan,WR,FA,773.0,773,,,1,0
774,Kevin Jennings,QB,FA,774.0,774,,,1,0
775,DeMeer Blankumsee,WR,FA,775.0,775,,,1,0
776,Ricky Person Jr.,RB,FA,776.0,776,,,1,0
777,Grayson McCall,QB,FA,777.0,777,,,1,0
778,Antario Brown,RB,FA,778.0,778,,,1,0
779,Donovan Smith,QB,FA,779.0,779,,,1,0
780,Hayden Hatten,WR,FA,780.0,780,,,1,0
781,Kyric McGowan,WR,FA,781.0,781,,,1,0
782,Byron Pringle,WR,FA,782.0,782,,,1,0
783,Marcus Rosemy-Jacksaint,WR,FA,783.0,783,,,1,0
784,Hassan Hall,RB,FA,784.0,784,,,1,0
785,John Emery Jr.,RB,FA,785.0,785,,,1,0
786,Will Rogers,QB,FA,786.0,786,,,1,0
787,Luis Perez,QB,FA,787.0,787,,,1,0
788,Colby Suits,QB,FA,788.0,788,,,1,0
789,Evan Prater,WR,FA,789.0,789,,,1,0
790,Malik Knowles,WR,FA,790.0,790,,,1,0
791,Peny Boone,RB,FA,791.0,791,,,1,0
792,Devon Garrison,TE,FA,792.0,792,,,1,0
793,Gerrit Prince,TE,FA,793.0,793,,,1,0
794,La'Mical Perine,RB,FA,794.0,794,,,1,0
795,Davion Davis,WR,FA,795.0,795,,,1,0
796,Mason Fairchild,TE,FA,796.0,796,,,1,0
797,Mike Harley Jr.,WR,FA,797.0,797,,,1,0
798,Jalen Camp,WR,FA,798.0,798,,,1,0
799,David White Jr.,WR,FA,799.0,799,,,1,0
800,Sam Schnee,WR,FA,800.0,800,,,1,0
801,Donald Chaney,RB,FA,801.0,801,,,1,0
802,Anthony Brown Jr.,QB,FA,802.0,802,,,1,0
803,Chip Trayanum,RB,NYJ,803.0,803,,,1,0
804,Luke Benson,TE,FA,804.0,804,,,1,0
805,Casey Bauman,QB,FA,805.0,805,,,1,0
806,Gerry Bohanon,QB,FA,806.0,806,,,1,0
807,Brent Matiscik,TE,FA,807.0,807,,,1,0
808,Rayshon Luke,RB,FA,808.0,808,,,1,0
809,Trevon Wesco,TE,FA,809.0,809,,,1,0
810,Marcus Riley,WR,FA,810.0,810,,,1,0
811,Peewee Jarrett,QB,FA,811.0,811,,,1,0
812,Sevion Morrison,RB,FA,812.0,812,,,1,0
813,Riley Sharp,TE,FA,813.0,813,,,1,0
814,JT Daniels,QB,FA,814.0,814,,,1,0
815,Collin Schlee,QB,FA,815.0,815,,,1,0
816,Jake Smith,WR,FA,816.0,816,,,1,0
817,Jack Colletto,RB,FA,817.0,817,,,1,0
818,Daniel Arias,WR,FA,818.0,818,,,1,0
819,TaMerik Williams,RB,FA,819.0,819,,,1,0
820,Terrell Bynum,WR,FA,820.0,820,,,1,0
821,Deontay Burnett,WR,FA,821.0,821,,,1,0
822,Chris Pierce Jr.,TE,FA,822.0,822,,,1,0
823,Tarik Cohen,RB,FA,823.0,823,,,1,0
824,Nick Bawden,RB,FA,824.0,824,,,1,0
825,Trace McSorley,QB,FA,825.0,825,,,1,0
826,Jalen Wayne,WR,FA,826.0,826,,,1,0
827,Isaac Rex,TE,FA,827.0,827,,,1,0
828,Joseph Scates,WR,FA,828.0,828,,,1,0
829,Jacob Copeland,WR,FA,829.0,829,,,1,0
830,Isaiah McKenzie,WR,FA,830.0,830,,,1,0
831,Lorenzo Lingard,RB,FA,831.0,831,,,1,0
832,Nate Sudfeld,QB,FA,832.0,832,,,1,0
833,Max Duggan,QB,FA,833.0,833,,,1,0
834,Tyrone Howell,WR,FA,834.0,834,,,1,0
835,Duece Watts,WR,FA,835.0,835,,,1,0
836,Jesper Horsted,TE,FA,836.0,836,,,1,0
837,Brant Kuithe,TE,FA,837.0,837,,,1,0
838,Zander Horvath,RB,FA,838.0,838,,,1,0
839,Dimitri Stanley,WR,FA,839.0,839,,,1,0
840,Nathaniel Peat,RB,FA,840.0,840,,,1,0
841,Andrew Peasley,QB,FA,841.0,841,,,1,0
842,Jam Griffin,RB,FA,842.0,842,,,1,0
843,Logan Thomas,TE,FA,843.0,843,,,1,0
844,Pat Conroy,TE,FA,844.0,844,,,1,0
845,Jacques Patrick,RB,FA,845.0,845,,,1,0
846,Daijun Edwards,RB,FA,846.0,846,,,1,0
847,Kelvin Harmon,WR,FA,847.0,847,,,1,0
848,Sam Wiglusz,WR,FA,848.0,848,,,1,0
849,Jaren Hall,QB,FA,849.0,849,,,1,0
850,Khalan Griffin,RB,FA,850.0,850,,,1,0
851,Tyrie Cleveland,WR,FA,851.0,851,,,1,0
852,Jakeem Grant Sr.,WR,FA,852.0,852,,,1,0
853,Colton Dowell,WR,FA,853.0,853,,,1,0
854,Layne Pryor,TE,HOU,854.0,854,,,1,0
855,Isaiah Wooden Sr.,WR,FA,855.0,855,,,1,0
856,C.J. Beathard,QB,DET,856.0,856,,,1,0
857,Lucas Scott,RB,BAL,857.0,857,,,1,0
858,Danny Gray,WR,PHI,858.0,858,,,1,0
859,Gee Scott Jr.,TE,FA,859.0,859,,,1,0
860,Hunter Dekkers,QB,NO,860.0,860,,,1,0
861,Maximilian Mang,TE,FA,861.0,861,,,1,0
862,Quez Watkins,WR,PHI,862.0,862,,,1,0
863,Patrick Murtagh,TE,DEN,863.0,863,,,1,0
864,Luke Deal,TE,FA,864.0,864,,,1,0
865,Marcus Simms,WR,FA,865.0,865,,,1,0
866,Jaelen Gill,WR,FA,866.0,866,,,1,0
867,Tommy Sweeney,TE,FA,867.0,867,,,1,0
868,Ellis Merriweather,RB,FA,868.0,868,,,1,0
869,Ben Mason,TE,FA,869.0,869,,,1,0
870,Antoine Green,WR,FA,870.0,870,,,1,0
871,Andy Isabella,WR,FA,871.0,871,,,1,0
872,Shi Smith,WR,FA,872.0,872,,,1,0
873,Miller Forristall,TE,FA,873.0,873,,,1,0
874,Jeff Foreman,WR,FA,874.0,874,,,1,0
875,Lawrence Keys III,WR,FA,875.0,875,,,1,0
876,Izaiah Gathings,TE,FA,876.0,876,,,1,0
877,Trey Knox,TE,FA,877.0,877,,,1,0
878,Keilahn Harris,WR,FA,878.0,878,,,1,0
879,Armani Rogers,TE,FA,879.0,879,,,1,0
880,Nate McCrary,RB,FA,880.0,880,,,1,0
881,Brandon Thomas,RB,FA,881.0,881,,,1,0
882,Michael Ezeike,TE,FA,882.0,882,,,1,0
883,Alec Holler,TE,FA,883.0,883,,,1,0
884,Christian Johnstone,TE,FA,884.0,884,,,1,0
885,David Wallis,WR,FA,885.0,885,,,1,0
886,La'Michael Pettway,TE,FA,886.0,886,,,1,0
887,Xavier White,WR,FA,887.0,887,,,1,0
888,Bru McCoy,WR,FA,888.0,888,,,1,0
889,Hunter Kampmoyer,TE,FA,889.0,889,,,1,0
890,DJ Thomas-Jones,TE,FA,890.0,890,,,1,0
891,Jacob Sirmon,QB,FA,891.0,891,,,1,0
892,Jacob Hollister,TE,FA,892.0,892,,,1,0
893,Ben Bryant,QB,FA,893.0,893,,,1,0
894,Colin Granger,TE,FA,894.0,894,,,1,0
895,Zakhari Franklin,WR,FA,895.0,895,,,1,0
896,John Paddock,QB,FA,896.0,896,,,1,0
897,Jontre Kirklin,WR,FA,897.0,897,,,1,0
898,Julian Fleming,WR,FA,898.0,898,,,1,0
899,Sam Pitz,TE,FA,899.0,899,,,1,0
900,Rashaad Penny,RB,FA,900.0,900,,,1,0
901,Jaden Shirden,RB,FA,901.0,901,,,1,0
902,Phillip Brooks,WR,FA,902.0,902,,,1,0
903,Mario Anderson Jr.,RB,FA,903.0,903,,,1,0
904,Trejan Bridges,WR,FA,904.0,904,,,1,0
905,Ayir Asante,WR,FA,905.0,905,,,1,0
906,Anthony McFarland Jr.,RB,FA,906.0,906,,,1,0
907,Hakeem Butler,WR,FA,907.0,907,,,1,0
908,Elijah Collins,RB,FA,908.0,908,,,1,0
909,Denzel Mims,WR,DAL,909.0,909,,,1,0
910,Kyle Philips,WR,FA,910.0,910,,,1,0
911,DeAngelo Hardy,WR,FA,911.0,911,,,1,0
912,Austin Stogner,TE,FA,912.0,912,,,1,0
913,Sammis Reyes,TE,FA,913.0,913,,,1,0
914,Zach Heins,TE,FA,914.0,914,,,1,0
915,Tre Mosley,WR,FA,915.0,915,,,1,0
916,Ali Jennings,WR,FA,916.0,916,,,1,0
917,Austin Jones,RB,FA,917.0,917,,,1,0
918,Peter LeBlanc,WR,FA,918.0,918,,,1,0
919,Joey Hobert,WR,FA,919.0,919,,,1,0
920,Jabre Barber,WR,FA,920.0,920,,,1,0
921,Lincoln Sefcik,TE,FA,921.0,921,,,1,0
922,SaRodorick Thompson Jr.,RB,FA,922.0,922,,,1,0
923,Easop Winston Jr.,WR,FA,923.0,923,,,1,0
924,Kawaan Baker,WR,FA,924.0,924,,,1,0
925,Mathew Sexton,WR,FA,925.0,925,,,1,0
926,Je'Quan Burton,WR,FA,926.0,926,,,1,0
927,Matt Breida,RB,FA,927.0,927,,,1,0
928,Isaiah Winstead,WR,PIT,928.0,928,,,1,0
929,E.J. Perry,QB,FA,929.0,929,,,1,0
930,Griffin Hebert,WR,FA,930.0,930,,,1,0
931,Jaray Jenkins,WR,FA,931.0,931,,,1,0
932,Maliq Carr,TE,FA,932.0,932,,,1,0
933,Justin Hall,WR,FA,933.0,933,,,1,0
934,Aidan Robbins,RB,FA,934.0,934,,,1,0
935,EJ Smith,RB,FA,935.0,935,,,1,0
936,Cam Johnson,WR,FA,936.0,936,,,1,0
937,Tyler Davis,TE,FA,937.0,937,,,1,0
938,DeVante Parker,WR,FA,938.0,938,,,1,0
939,Tyler Harrell,WR,FA,939.0,939,,,1,0
940,Oscar Cardenas,TE,FA,940.0,940,,,1,0
941,Trent Pennix,RB,FA,941.0,941,,,1,0
942,Henry Parrish Jr.,RB,FA,942.0,942,,,1,0
943,Quinton Cooley,RB,FA,943.0,943,,,1,0
944,Chandler Morris,QB,FA,944.0,944,,,1,0
945,Kyle Sheets,WR,FA,945.0,945,,,1,0
946,Austin Watkins Jr.,WR,FA,946.0,946,,,1,0
947,Zach Evans,RB,FA,947.0,947,,,1,0
948,Brevin Easton,WR,FA,948.0,948,,,1,0
949,Daurice Fountain,WR,FA,949.0,949,,,1,0
950,Mohamed Ibrahim,RB,FA,950.0,950,,,1,0
951,Rushawn Baker,RB,NE,951.0,951,,,1,0
952,Treshaun Ward,RB,FA,952.0,952,,,1,0
953,Tyron Billy-Johnson,WR,FA,953.0,953,,,1,0
954,Lincoln Victor,WR,FA,954.0,954,,,1,0
955,Dax Milne,WR,FA,955.0,955,,,1,0
956,Jalen Jackson,RB,FA,956.0,956,,,1,0
957,Samson Nacua,WR,FA,957.0,957,,,1,0
958,Chevan Cordeiro,QB,FA,958.0,958,,,1,0
959,Shaquan Davis,WR,FA,959.0,959,,,1,0
960,Spencer Petras,QB,FA,960.0,960,,,1,0
961,Gerrid Doaks,RB,FA,961.0,961,,,1,0
962,KJ Jefferson,QB,FA,962.0,962,,,1,0
963,Stanley Morgan Jr.,WR,FA,963.0,963,,,1,0
964,De'Corian Clark,WR,FA,964.0,964,,,1,0
965,Greg Ward,WR,FA,965.0,965,,,1,0
966,Zack Annexstad,QB,FA,966.0,966,,,1,0
967,Bernhard Seikovits,TE,FA,967.0,967,,,1,0
968,Reggie Brown,WR,FA,968.0,968,,,1,0
969,Jared Casey,TE,FA,969.0,969,,,1,0
970,Zach Gentry,TE,FA,970.0,970,,,1,0
971,D.K. Kaufman,RB,FA,971.0,971,,,1,0
972,Kairee Robinson,RB,FA,972.0,972,,,1,0
973,Jake Luton,QB,FA,973.0,973,,,1,0
974,Ethan Garbers,QB,FA,974.0,974,,,1,0
975,Jake Funk,RB,FA,975.0,975,,,1,0
976,Kyle Ford,WR,FA,976.0,976,,,1,0
977,Kwamie Lassiter II,WR,FA,977.0,977,,,1,0
978,Jelani Baker,WR,FA,978.0,978,,,1,0
979,Brett Gabbert,QB,FA,979.0,979,,,1,0
980,Marcus Major Jr.,RB,FA,980.0,980,,,1,0
981,Leon Johnson,WR,FA,981.0,981,,,1,0
982,Joseph Ngata,WR,FA,982.0,982,,,1,0
983,Snoop Conner,RB,FA,983.0,983,,,1,0
984,Hank Bachmeier,QB,FA,984.0,984,,,1,0
985,Dominick Blaylock,WR,FA,985.0,985,,,1,0
986,Dillon Johnson,RB,FA,986.0,986,,,1,0
987,Austin Mack,WR,FA,987.0,987,,,1,0
988,Corey Rucker,WR,LV,988.0,988,,,1,0
989,Frank Ladson Jr.,WR,FA,989.0,989,,,1,0
990,Jaxon Janke,WR,FA,990.0,990,,,1,0
991,Jalon Calhoun,WR,FA,991.0,991,,,1,0
992,Hudson Card,QB,FA,992.0,992,,,1,0
993,Henry Pearson,TE,FA,993.0,993,,,1,0
994,Martavis Bryant,WR,FA,994.0,994,,,1,0
995,Carson Steele,RB,PHI,995.0,995,,,1,0
996,Robert Woods,WR,FA,996.0,996,,,1,0
997,Zach Pascal,WR,FA,997.0,997,,,1,0
998,Raheem Blackshear,RB,FA,998.0,998,,,1,0
999,Mike Williams,WR,FA,999.0,999,,,1,0
1000,JaMycal Hasty,RB,NE,1000.0,1000,,,1,0
1001,Jaheim Bell,TE,PIT,1001.0,1001,,,1,0
1002,Jordan Akins,TE,FA,1002.0,1002,,,1,0
1003,Ihmir Smith-Marsette,WR,ARI,1003.0,1003,,,1,0
1004,Amari Cooper,WR,FA,1004.0,1004,,,1,0
1005,Laviska Shenault Jr.,WR,FA,1005.0,1005,,,1,0
1006,Jha'Quan Jackson,WR,TB,1006.0,1006,,,1,0
1007,Javon Baker,WR,PHI,1007.0,1007,,,1,0
1008,Tyler Scott,WR,LAR,1008.0,1008,,,1,0
1009,Rakim Jarrett,WR,PIT,1009.0,1009,,,1,0
1010,Dallin Holker,TE,FA,1010.0,1010,,,1,0
1011,Collin Johnson,WR,FA,1011.0,1011,,,1,0
1012,K.J. Osborn,WR,TEN,1012.0,1012,,,1,0
1013,Chris Collier,RB,LV,1013.0,1013,,,1,0
1014,Ainias Smith,WR,FA,1014.0,1014,,,1,0
1015,Trenton Irwin,WR,SF,1015.0,1015,,,1,0
1016,Jake Haener,QB,NYG,1016.0,1016,,,1,0
1017,Deuce Vaughn,RB,HOU,1017.0,1017,,,1,0
1018,DJ Chark,WR,FA,1018.0,1018,,,1,0
1019,Terrace Marshall Jr.,WR,MIA,1019.0,1019,,,1,0
1020,Desmond Ridder,QB,FA,1020.0,1020,,,1,0
1021,Keilan Robinson,RB,FA,1021.0,1021,,,1,0
1022,Jalen Reagor,WR,MIA,1022.0,1022,,,1,0
1023,Dorian Thompson-Robinson,QB,FA,1023.0,1023,,,1,0
1024,Eric Tomlinson,TE,FA,1024.0,1024,,,1,0
1025,Mike Boone,RB,FA,1025.0,1025,,,1,0
1026,Ramel Keyton,WR,FA,1026.0,1026,,,1,0
1027,Jalen Virgil,WR,FA,1027.0,1027,,,1,0
1028,John Samuel Shenker,TE,FA,1028.0,1028,,,1,0
1029,Jonathan Ward,RB,BAL,1029.0,1029,,,1,0
1030,Brenden Rice,WR,FA,1030.0,1030,,,1,0
1031,Nick Muse,TE,ATL,1031.0,1031,,,1,0
1032,Kyle Trask,QB,CAR,1032.0,1032,,,1,0
1033,Hendon Hooker,QB,TEN,1033.0,1033,,,1,0
1034,J.J. Taylor,RB,FA,1034.0,1034,,,1,0
1035,Taylor Heinicke,QB,FA,1035.0,1035,,,1,0
1036,Blake Watson,RB,FA,1036.0,1036,,,1,0
1037,Sean Mannion,QB,FA,1037.0,1037,,,1,0
1038,DeAndre Washington,RB,FA,1038.0,1038,,,1,0
1039,Thomas Odukoya,TE,NE,1039.0,1039,,,1,0
1040,Rodney Williams,TE,FA,1040.0,1040,,,1,0
1041,Parker Hesse,TE,FA,1041.0,1041,,,1,0
1042,Erik Ezukanma,WR,PHI,1042.0,1042,,,1,0
1043,Michael Woods II,WR,FA,1043.0,1043,,,1,0
1044,Dante Miller,RB,NYG,1044.0,1044,,,1,0
1045,Sam Howell,QB,DAL,1045.0,1045,,,1,0
1046,Brandon Johnson,WR,LV,1046.0,1046,,,1,0
1047,Aaron Shampklin,RB,FA,1047.0,1047,,,1,0
1048,Montrell Washington,WR,FA,1048.0,1048,,,1,0
1049,Jordan Matthews,TE,FA,1049.0,1049,,,1,0
1050,Bailey Zappe,QB,NYJ,1050.0,1050,,,1,0
1051,Elijah Cooks,WR,CAR,1051.0,1051,,,1,0
1052,Tanner McLachlan,TE,FA,1052.0,1052,,,1,0
1053,Tim Boyle,QB,FA,1053.0,1053,,,1,0
1054,Marquez Callaway,WR,FA,1054.0,1054,,,1,0
1055,Zack Kuntz,TE,DAL,1055.0,1055,,,1,0
1056,Jaylen Johnson,WR,FA,1056.0,1056,,,1,0
1057,Deon Cain,WR,FA,1057.0,1057,,,1,0
1058,KJ Hamler,WR,FA,1058.0,1058,,,1,0
1059,Silas Bolden,WR,FA,1059.0,1059,,,1,0
1060,Geor'Quarius Spivey,TE,FA,1060.0,1060,,,1,0
1061,Lawrance Toafili,RB,FA,1061.0,1061,,,1,0
1062,Antwane Wells Jr.,WR,ATL,1062.0,1062,,,1,0
1063,Key'Shawn Smith,WR,FA,1063.0,1063,,,1,0
1064,Jesse Matthews,WR,FA,1064.0,1064,,,1,0
1065,Kadarius Toney,WR,FA,1065.0,1065,,,1,0
1066,Tre Stewart,RB,ARI,1066.0,1066,,,1,0
1067,JJ Galbreath,TE,IND,1067.0,1067,,,1,0
1068,Andrew Armstrong,WR,KC,1068.0,1068,,,1,0
1069,ShunDerrick Powell,RB,FA,1069.0,1069,,,1,0
1070,Carter Bradley,QB,JAX,1070.0,1070,,,1,0
1071,Chandler Brayboy,WR,JAX,1071.0,1071,,,1,0
1072,Cole Burgess,WR,PIT,1072.0,1072,,,1,0
1073,Seth Henigan,QB,FA,1073.0,1073,,,1,0
1074,Luke Grimm,WR,FA,1074.0,1074,,,1,0
1075,Scotty Washington,TE,FA,1075.0,1075,,,1,0
1076,Logan Woodside,QB,FA,1076.0,1076,,,1,0
1077,Lance McCutcheon,WR,TEN,1077.0,1077,,,1,0
1078,Chris Myarick,TE,LV,1078.0,1078,,,1,0
1079,Cornelius Johnson,WR,BAL,1079.0,1079,,,1,0
1080,Ahmani Marshall,RB,CLE,1080.0,1080,,,1,0
1081,Hal Presley III,WR,FA,1081.0,1081,,,1,0
1082,Marshall Lang,TE,MIN,1082.0,1082,,,1,0
1083,Montrell Johnson Jr.,RB,FA,1083.0,1083,,,1,0
1084,Anthony Tyus III,RB,CAR,1084.0,1084,,,1,0
1085,Tanner Taula,TE,TB,1085.0,1085,,,1,0
1086,Sean Clifford,QB,CIN,1086.0,1086,,,1,0
1087,Garrett Greene,WR,TB,1087.0,1087,,,1,0
1088,John Jiles,WR,FA,1088.0,1088,,,1,0
1089,Luke Lachey,TE,FA,1089.0,1089,,,1,0
1090,Junior Bergen,WR,NYJ,1090.0,1090,,,1,0
1091,Kyle McCord,QB,GB,1091.0,1091,,,1,0
1092,Keith Kirkwood,WR,BAL,1092.0,1092,,,1,0
1093,Josh Kelly,WR,HOU,1093.0,1093,,,1,0
1094,Will Grier,QB,FA,1094.0,1094,,,1,0
1095,Bryson Nesbit,TE,MIN,1095.0,1095,,,1,0
1096,Dontae Fleming,WR,MIN,1096.0,1096,,,1,0
1097,John Wolford,QB,FA,1097.0,1097,,,1,0
1098,Jamaal Pritchett,WR,NYJ,1098.0,1098,,,1,0
1099,Connor Bazelak,QB,TB,1099.0,1099,,,1,0
1100,Traeshon Holden,WR,FA,1100.0,1100,,,1,0
1101,Israel Abanikanda,RB,DAL,1101.0,1101,,,1,0
1102,Joel Wilson,TE,TEN,1102.0,1102,,,1,0
1103,Donovan Edwards,RB,MIA,1103.0,1103,,,1,0
1104,Cam Miller,QB,MIA,1104.0,1104,,,1,0
1105,Phillip Dorsett II,WR,LV,1105.0,1105,,,1,0
1106,AJ Henning,WR,MIA,1106.0,1106,,,1,0
1107,Nick Nash,WR,WAS,1107.0,1107,,,1,0
1108,Sam Hartman,QB,WAS,1108.0,1108,,,1,0
1109,JaQuae Jackson,WR,LAC,1109.0,1109,,,1,0
1110,DJ Uiagalelei,QB,LAC,1110.0,1110,,,1,0
1111,Max Hurleman,WR,PIT,1111.0,1111,,,1,0
1112,Joshua Simon,TE,ATL,1112.0,1112,,,1,0
1113,Easton Stick,QB,IND,1113.0,1113,,,1,0
1114,Frank Gore Jr.,RB,BUF,1114.0,1114,,,1,0
1115,Mark Redman,TE,LAR,1115.0,1115,,,1,0
1116,Graham Mertz,QB,HOU,1116.0,1116,,,1,0
1117,Sam Ehlinger,QB,DEN,1117.0,1117,,,1,0
1118,Thayer Thomas,WR,DEN,1118.0,1118,,,1,0
1119,Tyrone Broden,WR,FA,1119.0,1119,,,1,0
1120,Demetric Felton,RB,FA,1120.0,1120,,,1,0
1121,Jamoi Mayes,WR,FA,1121.0,1121,,,1,0
1122,Jordan Waters,RB,LAR,1122.0,1122,,,1,0
1123,Tommy Mellott,WR,FA,1123.0,1123,,,1,0
1124,Rashod Owens,WR,FA,1124.0,1124,,,1,0
1125,Devin Leary,QB,FA,1125.0,1125,,,1,0
1126,Jerjuan Newton,WR,FA,1126.0,1126,,,1,0
1127,Jordan Bly,WR,FA,1127.0,1127,,,1,0
1128,Johnny Lumpkin,TE,FA,1128.0,1128,,,1,0
1129,Taylor Elgersma,QB,FA,1129.0,1129,,,1,0
1130,Dorian Singer,WR,FA,1130.0,1130,,,1,0
1131,Michael Gallup,WR,FA,1131.0,1131,,,1,0
1132,Neal Johnson,TE,FA,1132.0,1132,,,1,0
1133,Tyrion Davis-Price,RB,FA,1133.0,1133,,,1,0
1134,Tyreik McAllister,WR,FA,1134.0,1134,,,1,0
1135,Ben Wooldridge,QB,FA,1135.0,1135,,,1,0
1136,Daniel Jackson,WR,FA,1136.0,1136,,,1,0
1137,Alex Erickson,WR,FA,1137.0,1137,,,1,0
1138,Quincy Skinner Jr.,WR,NYJ,1138.0,1138,,,1,0
1139,Cam Camper,WR,NYJ,1139.0,1139,,,1,0
1140,Ajou Ajou,WR,FA,1140.0,1140,,,1,0
1141,Elijah Young,RB,FA,1141.0,1141,,,1,0
1142,Giles Jackson,WR,FA,1142.0,1142,,,1,0
1143,Baylor Cupp,TE,FA,1143.0,1143,,,1,0
1144,Austin Reed,QB,BAL,1144.0,1144,,,1,0
1145,Darius Lassiter,WR,FA,1145.0,1145,,,1,0
1146,Tyler Kahmann,WR,FA,1146.0,1146,,,1,0
1147,Taylor Morin,WR,FA,1147.0,1147,,,1,0
1148,Elijhah Badger,WR,FA,1148.0,1148,,,1,0
1149,Terique Owens,WR,FA,1149.0,1149,,,1,0
1150,Ian Wheeler,RB,BUF,1150.0,1150,,,1,0
1151,Jahmal Banks,WR,TBD,1151.0,1151,,,1,0
1152,Kobe Hudson,WR,FA,1152.0,1152,,,1,0
1153,Dymere Miller,WR,FA,1153.0,1153,,,1,0
1154,Justyn Ross,WR,FA,1154.0,1154,,,1,0
1155,Cole Fotheringham,TE,FA,1155.0,1155,,,1,0
1156,Dalvin Cook,RB,FA,1156.0,1156,,,1,0
1157,Deon Jackson,RB,FA,1157.0,1157,,,1,0
1158,Troy Hairston,RB,FA,1158.0,1158,,,1,0
1159,Ontaria Wilson,WR,FA,1159.0,1159,,,1,0
1160,Mac Dalena,WR,FA,1160.0,1160,,,1,0
1161,Ja'Quinden Jackson,RB,PHI,1161.0,1161,,,1,0
1162,Trevor Siemian,QB,FA,1162.0,1162,,,1,0
1163,Caden Prieskorn,TE,CAR,1163.0,1163,,,1,0
1164,Bryce Pierre,TE,FA,1164.0,1164,,,1,0
1165,Isaiah Neyor,WR,GB,1165.0,1165,,,1,0
1166,Xavier Johnson,WR,CIN,1166.0,1166,,,1,0
1167,Quintez Cephus,WR,FA,1167.0,1167,,,1,0
1168,Joaquin Davis,WR,FA,1168.0,1168,,,1,0
1169,Rivaldo Fairweather,TE,ARI,1169.0,1169,,,1,0
1170,Xavier Guillory,WR,BAL,1170.0,1170,,,1,0
1171,Matt Sokol,TE,FA,1171.0,1171,,,1,0
1172,Patrick Herbert,TE,JAX,1172.0,1172,,,1,0
1173,Will Sheppard,WR,GB,1173.0,1173,,,1,0
1174,Kyrese Rowan,WR,DEN,1174.0,1174,,,1,0
1175,John Rhys Plumlee,WR,FA,1175.0,1175,,,1,0
1176,Mario Williams,WR,FA,1176.0,1176,,,1,0
1177,Stephen Gosnell,WR,BUF,1177.0,1177,,,1,0
1178,Caleb Lohner,TE,DEN,1178.0,1178,,,1,0
1179,Qadir Ismail,TE,CHI,1179.0,1179,,,1,0
1180,Nate McCollum,WR,FA,1180.0,1180,,,1,0
1181,Roc Taylor,WR,CAR,1181.0,1181,,,1,0
1182,Chase Cota,WR,FA,1182.0,1182,,,1,0
1183,Miles Boykin,WR,CHI,1183.0,1183,,,1,0
1184,Shane Watts,RB,FA,1184.0,1184,,,1,0
1185,Dresser Winn,QB,FA,1185.0,1185,,,1,0
1186,Michael Jacobson,TE,FA,1186.0,1186,,,1,0
1187,Stevo Klotz,TE,FA,1187.0,1187,,,1,0
1188,Mitchell Wilcox,TE,FA,1188.0,1188,,,1,0
1189,Seth Green,TE,FA,1189.0,1189,,,1,0
1190,Toa Taua,RB,FA,1190.0,1190,,,1,0
1191,John Copenhaver,TE,FA,1191.0,1191,,,1,0
1192,Jason Bean,QB,FA,1192.0,1192,,,1,0
1193,Landon Parker,WR,FA,1193.0,1193,,,1,0
1194,Kevin Harris,RB,FA,1194.0,1194,,,1,0
1195,Tarik Black,WR,DET,1195.0,1195,,,1,0
1196,Mitch Van Vooren,TE,DAL,1196.0,1196,,,1,0
1197,Nay'Quan Wright,RB,FA,1197.0,1197,,,1,0
1198,Quali Conley,RB,FA,1198.0,1198,,,1,0
1199,Tony Jones Jr.,RB,FA,1199.0,1199,,,1,0
1200,Mike Strachan,WR,FA,1200.0,1200,,,1,0
1201,Phil Lutz,WR,FA,1201.0,1201,,,1,0
1202,Shawn Bowman,TE,ARI,1202.0,1202,,,1,0
1203,Payton Thorne,QB,FA,1203.0,1203,,,1,0
1204,Ketron Jackson Jr.,WR,FA,1204.0,1204,,,1,0
1205,Nate Noel,RB,FA,1205.0,1205,,,1,0
1206,Ben DiNucci,QB,FA,1206.0,1206,,,1,0
1207,Michael Wiley,RB,FA,1207.0,1207,,,1,0
1208,Eli Pancol,WR,IND,1208.0,1208,,,1,0
1209,Messiah Swinson,TE,GB,1209.0,1209,,,1,0
1210,Dennis Houston,WR,FA,1210.0,1210,,,1,0
1211,Jeff Driskel,QB,FA,1211.0,1211,,,1,0
1212,Kyle Williams,WR,TEN,1211.5,1554,,184,2,342
1213,Luke Floriea,WR,CLE,1212.0,1212,,,1,-1
1214,Royce Freeman,RB,FA,1213.0,1213,,,1,-1
1215,Thomas Yassmin,TE,GB,1214.0,1214,,,1,-1
1216,McCallan Castles,TE,GB,1215.0,1215,,,1,-1
1217,A.T. Perry,WR,FA,1216.0,1216,,,1,-1
1218,Case Keenum,QB,CHI,1217.0,1217,,,1,-1
1219,Stephen Sullivan,TE,FA,1218.0,1218,,,1,-1
1220,John Ross III,WR,FA,1219.0,1219,,,1,-1
1221,Moochie Dixon,WR,FA,1220.0,1220,,,1,-1
1222,Cornell Powell,WR,PIT,1221.0,1221,,,1,-1
1223,Monaray Baldwin,WR,FA,1222.0,1222,,,1,-1
1224,Kevin Foelsch,TE,FA,1223.0,1223,,,1,-1
1225,Blayne Taylor,WR,FA,1224.0,1224,,,1,-1
1226,Robert Lewis,WR,FA,1225.0,1225,,,1,-1
1227,Jacob Kibodi,RB,FA,1226.0,1226,,,1,-1
1228,Ife Adeyi,WR,FA,1227.0,1227,,,1,-1
1229,Micah Bernard,RB,FA,1228.0,1228,,,1,-1
1230,Kedon Slovis,QB,ARI,1229.0,1229,,,1,-1
1231,Adrian Martinez,QB,SF,1230.0,1230,,,1,-1
1232,Travis Homer,RB,PIT,1231.0,1231,,,1,-1
1233,Nyheim Miller-Hines,RB,NO,1232.0,1232,,,1,-1
1234,LaJohntay Wester,WR,BAL,1233.0,1233,,,1,-1
1235,Jamal Agnew,WR,ATL,1234.0,1234,,,1,-1
1236,Mecole Hardman Jr.,WR,BUF,1235.0,1235,,,1,-1
1237,Donovan Peoples-Jones,WR,FA,1236.0,1236,,,1,-1
1238,Jamison Crowder,WR,FA,1237.0,1237,,,1,-1
1239,Joshua Kelley,RB,FA,1238.0,1238,,,1,-1
1240,Tyler Boyd,WR,FA,1239.0,1239,,,1,-1
1241,MyCole Pruitt,TE,FA,1240.0,1240,,,1,-1
1242,Xazavian Valladay,RB,FA,1241.0,1241,,,1,-1
1243,Emani Bailey,RB,FA,1242.0,1242,,,1,-1
1244,Jase McClellan,RB,FA,1243.0,1243,,,1,-1
1245,Hayden Hurst,TE,FA,1244.0,1244,,,1,-1
1246,Jody Fortson,TE,FA,1245.0,1245,,,1,-1
1247,Allen Robinson II,WR,FA,1246.0,1246,,,1,-1
1248,Jack Plummer,QB,FA,1247.0,1247,,,1,-1
1249,Jamaal Williams,RB,FA,1248.0,1248,,,1,-1
1250,Lucky Jackson,WR,DET,1249.0,1249,,,1,-1
1251,Peyton Hendershot,TE,FA,1250.0,1250,,,1,-1
1252,Khari Blasingame,RB,FA,1251.0,1251,,,1,-1
1253,Jacob Harris,WR,FA,1252.0,1252,,,1,-1
1254,Ross Dwelley,TE,DET,1253.0,1253,,,1,-1
1255,Kaden Davis,WR,CHI,1254.0,1254,,,1,-1
1256,Mike White,QB,FA,1255.0,1255,,,1,-1
1257,Kendric Pryor,WR,CIN,1256.0,1256,,,1,-1
1258,Kendall Milton,RB,CIN,1257.0,1257,,,1,-1
1259,C.J. Uzomah,TE,FA,1258.0,1258,,,1,-1
1260,Zack Moss,RB,FA,1259.0,1259,,,1,-1
1261,Geoff Swaim,TE,FA,1260.0,1260,,,1,-1
1262,Deonte Harty,WR,FA,1261.0,1261,,,1,-1
1263,Cody Thompson,WR,FA,1262.0,1262,,,1,-1
1264,Jaelon Darden,WR,FA,1263.0,1263,,,1,-1
1265,Braylon Sanders,WR,FA,1264.0,1264,,,1,-1
1266,Marcus Yarns,RB,FA,1265.0,1265,,,1,-1
1267,Brandon Powell,WR,FA,1266.0,1266,,,1,-1
1268,Elijah Dotson,RB,FA,1267.0,1267,,,1,-1
1269,Gus Edwards,RB,FA,1268.0,1268,,,1,-1
1270,Dominique Dafney,TE,FA,1269.0,1269,,,1,-1
1271,Nelson Agholor,WR,FA,1270.0,1270,,,1,-1
1272,D'Onta Foreman,RB,FA,1271.0,1271,,,1,-1
1273,Jermaine Burton,WR,CIN,1272.0,1272,,,1,-1
1274,Jacolby George,WR,FA,1273.0,1273,,,1,-1
1275,T.J. Luther,WR,FA,1274.0,1274,,,1,-1
1276,Anthony Miller,WR,BAL,1275.0,1275,,,1,-1
1277,Ke'Shawn Vaughn,RB,FA,1276.0,1276,,,1,-1
1278,Cordarrelle Patterson,RB,FA,1277.0,1277,,,1,-1
1279,Gerald Everett,TE,FA,1278.0,1278,,,1,-1
1280,Chris Conley,WR,FA,1279.0,1279,,,1,-1
1281,Tre'Quan Smith,WR,FA,1280.0,1280,,,1,-1
1282,Chase Claypool,WR,FA,1281.0,1281,,,1,-1
1283,Juwann Winfree,WR,FA,1282.0,1282,,,1,-1
1284,Josh Pederson,TE,FA,1283.0,1283,,,1,-1
1285,Sage Surratt,TE,FA,1284.0,1284,,,1,-1
1286,KhaDarel Hodge,WR,SF,1285.0,1285,,,1,-1
1287,Emory Jones,QB,FA,1286.0,1286,,,1,-1
1288,Van Jefferson,WR,WAS,1287.0,1287,,,1,-1
1289,Will Levis,QB,TEN,1288.0,1288,,,1,-1
1290,Miles Sanders,RB,FA,1289.0,1289,,,1,-1
1291,Joshua Cephus,WR,FA,1290.0,1290,,,1,-1
1292,Dayton Wade,WR,BAL,1291.0,1291,,,1,-1
1293,DeAndre Carter,WR,FA,1292.0,1292,,,1,-1
1294,Tip Reiman,TE,ARI,1293.0,1293,,,1,-1
1295,Travis Vokolek,TE,FA,1294.0,1294,,,1,-1
1296,Simi Fehoko,WR,ARI,1295.0,1295,,,1,-1
1297,Andre Baccellia,WR,FA,1296.0,1296,,,1,-1
1298,Zay Jones,WR,HOU,1297.0,1297,,,1,-1
1299,Ko Kieft,TE,TB,1298.0,1298,,,1,-1
1300,Drew Ogletree,TE,IND,1299.0,1299,,,1,-1
1301,Anthony Gould,WR,IND,1300.0,1300,,,1,-1
1302,D.J. Montgomery,WR,IND,1301.0,1301,,,1,-1
1303,Josh Reynolds,WR,FA,1302.0,1302,,,1,-1
1304,Jack Stoll,TE,CLE,1303.0,1303,,,1,-1
1305,Mason Tipton,WR,NO,1304.0,1304,,,1,-1
1306,Foster Moreau,TE,HOU,1305.0,1305,,,1,-1
1307,Bub Means,WR,NO,1306.0,1306,,,1,-1
1308,Mason Pline,TE,KC,1307.0,1307,,,1,-1
1309,Trey Palmer,WR,NO,1308.0,1308,,,1,-1
1310,Dee Eskridge,WR,FA,1309.0,1309,,,1,-1
1311,Jalin Conyers,TE,FA,1310.0,1310,,,1,-1
1312,Noah Brown,WR,FA,1311.0,1311,,,1,-1
1313,Tyree Jackson,TE,FA,1312.0,1312,,,1,-1
1314,Da'Quan Felton,WR,FA,1313.0,1313,,,1,-1
1315,Bryce Ford-Wheaton,WR,FA,1314.0,1314,,,1,-1
1316,Beaux Collins,WR,ATL,1315.0,1315,,,1,-1
1317,Gabe Davis,WR,FA,1316.0,1316,,,1,-1
1318,Donald Parham Jr.,TE,FA,1317.0,1317,,,1,-1
1319,Deneric Prince,RB,FA,1318.0,1318,,,1,-1
1320,Lan Larison,RB,NE,1319.0,1319,,,1,-1
1321,Brevin Jordan,TE,HOU,1320.0,1320,,,1,-1
1322,Trent Taylor,WR,FA,1321.0,1321,,,1,-1
1323,Cody White,WR,SEA,1322.0,1322,,,1,-1
1324,Kenny McIntosh,RB,FA,1323.0,1323,,,1,-1
1325,Nikko Remigio,WR,KC,1324.0,1324,,,1,-1
1326,Jake Briningstool,TE,KC,1325.0,1325,,,1,-1
1327,Keaontay Ingram,RB,FA,1326.0,1326,,,1,-1
1328,Johnny Wilson,WR,FA,1327.0,1327,,,1,-1
1329,John FitzPatrick,TE,FA,1328.0,1328,,,1,-1
1330,Michael Burton,RB,CLE,1329.0,1329,,,1,-1
1331,Lucas Krull,TE,DEN,1330.0,1330,,,1,-1
1332,David Durden,WR,FA,1331.0,1331,,,1,-1
1333,Tanner Mordecai,QB,FA,1332.0,1332,,,1,-1
1334,Troy Omeire,WR,FA,1333.0,1333,,,1,-1
1335,Roderick Daniels Jr.,WR,FA,1334.0,1334,,,1,-1
1336,TJ Sheffield,WR,FA,1335.0,1335,,,1,-1
1337,Kay'Ron Lynch-Adams,RB,FA,1336.0,1336,,,1,-1
1338,John Kelly Jr.,RB,FA,1337.0,1337,,,1,-1
1339,John Jackson III,WR,FA,1338.0,1338,,,1,-1
1340,Julian Hicks,WR,FA,1339.0,1339,,,1,-1
1341,Kisean Johnson,WR,GB,1340.0,1340,,,1,-1
1342,Cade McDonald,WR,FA,1341.0,1341,,,1,-1
1343,Tyler Neville,TE,FA,1342.0,1342,,,1,-1
1344,Bryce Perkins,QB,FA,1343.0,1343,,,1,-1
1345,Jermaine Jackson,WR,FA,1344.0,1344,,,1,-1
1346,Savon Scarver,WR,FA,1345.0,1345,,,1,-1
1347,Brian Walker,TE,FA,1346.0,1346,,,1,-1
1348,Bryce Treggs,WR,FA,1347.0,1347,,,1,-1
1349,Johnny Johnson III,WR,FA,1348.0,1348,,,1,-1
1350,Montana Lemonious-Craig,WR,FA,1349.0,1349,,,1,-1
1351,Justin Lockhart,WR,FA,1350.0,1350,,,1,-1
1352,Wayne Ruby,WR,FA,1351.0,1351,,,1,-1
1353,Wesley Steiner,RB,FA,1352.0,1352,,,1,-1
1354,Rory Starkey,WR,FA,1353.0,1353,,,1,-1
1355,Jordan Petaia,TE,FA,1354.0,1354,,,1,-1
1356,Hamze El-Zayat,WR,FA,1355.0,1355,,,1,-1
1357,Thomas Fidone II,TE,NYG,1356.0,1356,,,1,-1
1358,Brock Lampe,RB,SEA,1357.0,1357,,,1,-1
1359,Terrell Jennings,RB,FA,1358.0,1358,,,1,-1
1360,Patrick Taylor Jr.,RB,SF,1359.0,1359,,,1,-1
1361,Ben VanSumeren,RB,BUF,1360.0,1360,,,1,-1
1362,Kye Robichaux,RB,FA,1361.0,1361,,,1,-1
1363,Deion Hankins,RB,FA,1362.0,1362,,,1,-1
1364,Thomas Gordon,TE,DET,1363.0,1363,,,1,-1
1365,Michael Pratt,QB,FA,1364.0,1364,,,1,-1
1366,Kristian Wilkerson,WR,FA,1365.0,1365,,,1,-1
1367,Shane Buechele,QB,BUF,1366.0,1366,,,1,-1
1368,John Stephens Jr.,TE,DAL,1367.0,1367,,,1,-1
1369,David Bell,WR,FA,1368.0,1368,,,1,-1
1370,Gavin Bartholomew,TE,MIN,1369.0,1369,,,1,-1
1371,Irvin Charles,WR,SEA,1370.0,1370,,,1,-1
1372,Sawyer Robertson,QB,FA,1371.0,1371,,,1,-1
1373,Cole Payton,QB,PHI,1372.0,1372,,,1,-1
1374,Miller Moss,QB,CHI,1373.0,1373,,,1,-1
1375,Joey Aguilar,QB,JAX,1374.0,1374,,,1,-1
1376,Jalon Daniels,QB,TB,1375.0,1375,,,1,-1
1377,Behren Morton,QB,NE,1376.0,1376,,,1,-1
1378,Joe Fagnano,QB,BAL,1377.0,1377,,,1,-1
1379,Luke Altmyer,QB,DET,1378.0,1378,,,1,-1
1380,Athan Kaliakmanis,QB,WAS,1379.0,1379,,,1,-1
1381,Blake Shapen,QB,FA,1380.0,1380,,,1,-1
1382,Maverick McIvor,QB,FA,1381.0,1381,,,1,-1
1383,Tommy Castellanos,QB,FA,1382.0,1382,,,1,-1
1384,Jacob Clark,QB,LV,1383.0,1383,,,1,-1
1385,Jake Retzlaff,QB,FA,1384.0,1384,,,1,-1
1386,Kaidon Salter,QB,FA,1385.0,1385,,,1,-1
1387,Mark Gronowski,QB,MIA,1386.0,1386,,,1,-1
1388,Kyron Drones,QB,FA,1387.0,1387,,,1,-1
1389,Rahsul Faison,RB,FA,1388.0,1388,,,1,-1
1390,Anthony Hankerson,RB,FA,1389.0,1389,,,1,-1
1391,Star Thomas,RB,FA,1390.0,1390,,,1,-1
1392,Kentrel Bullock,RB,CIN,1391.0,1391,,,1,-1
1393,Davon Booth,RB,CLE,1392.0,1392,,,1,-1
1394,Kejon Owens,RB,FA,1393.0,1393,,,1,-1
1395,Cash Jones,RB,ATL,1394.0,1394,,,1,-1
1396,Shomari Lawrence,RB,FA,1395.0,1395,,,1,-1
1397,Josh McCray,RB,FA,1396.0,1396,,,1,-1
1398,Jaden Nixon,RB,GB,1397.0,1397,,,1,-1
1399,Evan Pryor,RB,FA,1398.0,1398,,,1,-1
1400,Barika Kpeenu,RB,TB,1399.0,1399,,,1,-1
1401,Tawee Walker,RB,FA,1400.0,1400,,,1,-1
1402,Chase Roberts,WR,LV,1401.0,1401,,,1,-1
1403,Harrison Wallace III,WR,ARI,1402.0,1402,,,1,-1
1404,Reggie Virgil,WR,ARI,1403.0,1403,,,1,-1
1405,O'Mega Blake,WR,FA,1404.0,1404,,,1,-1
1406,Keelan Marion,WR,ATL,1405.0,1405,,,1,-1
1407,Jalen Walthall,WR,FA,1406.0,1406,,,1,-1
1408,Nic Anderson,WR,FA,1407.0,1407,,,1,-1
1409,Jeff Caldwell,WR,KC,1408.0,1408,,,1,-1
1410,Romello Brinson,WR,FA,1409.0,1409,,,1,-1
1411,Emmanuel Henderson Jr.,WR,SEA,1410.0,1410,,,1,-1
1412,Vinny Anthony II,WR,ATL,1411.0,1411,,,1,-1
1413,Jordan Hudson,WR,DAL,1412.0,1412,,,1,-1
1414,Anthony Smith,WR,DAL,1413.0,1413,,,1,-1
1415,Noah Short,WR,FA,1414.0,1414,,,1,-1
1416,Michael Wortham,WR,JAX,1415.0,1415,,,1,-1
1417,Lincoln Pare,WR,FA,1416.0,1416,,,1,-1
1418,Trebor Pena,WR,JAX,1417.0,1417,,,1,-1
1419,Donaven McCulley,WR,MIA,1418.0,1418,,,1,-1
1420,Dillon Bell,WR,MIN,1419.0,1419,,,1,-1
1421,Nick DeGennaro,WR,NE,1420.0,1420,,,1,-1
1422,Wesley Grimes,WR,SF,1421.0,1421,,,1,-1
1423,RaRa Thomas,WR,FA,1422.0,1422,,,1,-1
1424,Jalil Farooq,WR,FA,1423.0,1423,,,1,-1
1425,Kendrick Law,WR,DET,1424.0,1424,,,1,-1
1426,Hank Beatty,WR,TEN,1425.0,1425,,,1,-1
1427,Caullin Lacy,WR,NYJ,1426.0,1426,,,1,-1
1428,Jacob De Jesus,WR,KC,1427.0,1427,,,1,-1
1429,Ryan Davis,WR,FA,1428.0,1428,,,1,-1
1430,Gabriel Benyard,WR,FA,1429.0,1429,,,1,-1
1431,Kobe Prentice,WR,NYG,1430.0,1430,,,1,-1
1432,Max Tomczak,WR,BUF,1431.0,1431,,,1,-1
1433,Junior Vandeross III,WR,FA,1432.0,1432,,,1,-1
1434,DT Sheffield,WR,FA,1433.0,1433,,,1,-1
1435,Will Pauling,WR,SF,1434.0,1434,,,1,-1
1436,Dae'Quan Wright,TE,FA,1435.0,1435,,,1,-1
1437,Riley Nowakowski,TE,PIT,1436.0,1436,,,1,-1
1438,Josh Cuevas,TE,BAL,1437.0,1437,,,1,-1
1439,Dan Villari,TE,LAR,1438.0,1438,,,1,-1
1440,Seydou Traore,TE,MIA,1439.0,1439,,,1,-1
1441,DJ Rogers,TE,DAL,1440.0,1440,,,1,-1
1442,Lance Mason,TE,PIT,1441.0,1441,,,1,-1
1443,Lake McRee,TE,PIT,1442.0,1442,,,1,-1
1444,Bauer Sharp,TE,TB,1443.0,1443,,,1,-1
1445,Jaren Kanak,TE,TEN,1444.0,1444,,,1,-1
1446,Josh Kattus,TE,CIN,1445.0,1445,,,1,-1
1447,Chamon Metayer,TE,FA,1446.0,1446,,,1,-1
1448,Khalil Dinkins,TE,SF,1447.0,1447,,,1,-1
1449,Miles Kitselman,TE,FA,1448.0,1448,,,1,-1
1450,RJ Maryland,TE,FA,1449.0,1449,,,1,-1
1451,Drew Biber,TE,CLE,1450.0,1450,,,1,-1
1452,Jeremiah Franklin,TE,MIA,1451.0,1451,,,1,-1
1453,Jack Velling,TE,ATL,1452.0,1452,,,1,-1
1454,Cody Hardy,TE,NO,1453.0,1453,,,1,-1
1455,Kurtis Rourke,QB,SF,1454.0,1454,,,1,-1
1456,Malik Taylor,WR,FA,1455.0,1455,,,1,-1
1457,Trishton Jackson,WR,ARI,1456.0,1456,,,1,-1
1458,D.J. Williams,RB,FA,1457.0,1457,,,1,-1
1459,Dez Fitzpatrick,WR,FA,1458.0,1458,,,1,-1
1460,Equanimeous St. Brown,WR,SF,1459.0,1459,,,1,-1
1461,Tyler Mabry,TE,FA,1460.0,1460,,,1,-1
1462,Jermaine Terry,TE,CLE,1461.0,1461,,,1,-1
1463,Irv Smith Jr.,TE,HOU,1462.0,1462,,,1,-1
1464,Kenny Yeboah,TE,FA,1463.0,1463,,,1,-1
1465,Grant DuBose,WR,FA,1464.0,1464,,,1,-1
1466,Jaden Smith,WR,DAL,1465.0,1465,,,1,-1
1467,Zaire Mitchell-Paden,TE,NO,1466.0,1466,,,1,-1
1468,Skylar Thompson,QB,BAL,1467.0,1467,,,1,-1
1469,Alexander Mattison,RB,FA,1468.0,1468,,,1,-1
1470,Darrynton Evans,RB,BUF,1469.0,1469,,,1,-1
1471,Matt Landers,WR,FA,1470.0,1470,,,1,-1
1472,Kaden Prather,WR,GB,1471.0,1471,,,1,-1
1473,Jalen White,RB,FA,1472.0,1472,,,1,-1
1474,Drake Stoops,WR,TBD,1473.0,1473,,,1,-1
1475,Damien Alford,WR,FA,1474.0,1474,,,1,-1
1476,Carson Towt,TE,IND,1475.0,1475,,,1,-1
1477,Karan Higdon Jr.,RB,HOU,1476.0,1476,,,1,-1
1478,Maurice Harris,WR,NO,1477.0,1477,,,1,-1
1479,Justin Johnson,TE,ARI,1478.0,1478,,,1,-1
1480,Amba Etta-Tawo,WR,NYG,1479.0,1479,,,1,-1
1481,B.J. Baylor,RB,ATL,1480.0,1480,,,1,-1
1482,TreVontae Hights,WR,CAR,1481.0,1481,,,1,-1
1483,Cole Herdman,TE,TEN,1482.0,1482,,,1,-1
1484,Michael Roberts,TE,MIA,1483.0,1483,,,1,-1
1485,C.J. Conrad,TE,NYG,1484.0,1484,,,1,-1
1486,Drew Anderson,QB,ARI,1485.0,1485,,,1,-1
1487,Shea Patterson,QB,KC,1486.0,1486,,,1,-1
1488,De'Lance Turner,RB,MIA,1487.0,1487,,,1,-1
1489,MarQueis Gray,TE,SF,1488.0,1488,,,1,-1
1490,Marcus Murphy,RB,CAR,1489.0,1489,,,1,-1
1491,Alex Wesley,WR,CHI,1490.0,1490,,,1,-1
1492,Patrick DiMarco,RB,BUF,1491.0,1491,,,1,-1
1493,Paul Butler,TE,NE,1492.0,1492,,,1,-1
1494,Chad Kelly,QB,IND,1493.0,1493,,,1,-1
1495,Caleb Repp,TE,ATL,1494.0,1494,,,1,-1
1496,Darrin Hall,RB,PIT,1495.0,1495,,,1,-1
1497,Steve Ishmael,WR,IND,1496.0,1496,,,1,-1
1498,Shawn Poindexter,WR,SF,1497.0,1497,,,1,-1
1499,Riley Neal,QB,DEN,1498.0,1498,,,1,-1
1500,Paul Richardson Jr.,WR,SEA,1499.0,1499,,,1,-1
1501,Earnest Edwards,WR,LAR,1500.0,1500,,,1,-1
1502,Matt Flanagan,TE,JAX,1501.0,1501,,,1,-1
1503,Jordan Jones,RB,GB,1502.0,1502,,,1,-1
1504,Jaaron Hayek,WR,KC,1503.0,1503,,,1,-1
1505,Jermiah Braswell,WR,ARI,1504.0,1504,,,1,-1
1506,Alex Tanney,QB,NYG,1505.0,1505,,,1,-1
1507,Johnny Holton,WR,NYG,1506.0,1506,,,1,-1
1508,Sean Riley,WR,NE,1507.0,1507,,,1,-1
1509,Adam Choice,RB,SEA,1508.0,1508,,,1,-1
1510,Geremy Davis,WR,DET,1509.0,1509,,,1,-1
1511,Marvelle Ross,WR,JAX,1510.0,1510,,,1,-1
1512,Artavis Scott,WR,HOU,1511.0,1511,,,1,-1
1513,Parker Houston,TE,ARI,1512.0,1512,,,1,-1
1514,Jared Rice,TE,LAC,1513.0,1513,,,1,-1
1515,Paxton Lynch,QB,PIT,1514.0,1514,,,1,-1
1516,Spencer Schnell,WR,TB,1515.0,1515,,,1,-1
1517,Sirgeo Hoffman,RB,ARI,1516.0,1516,,,1,-1
1518,Napoleon Maxwell,RB,CHI,1517.0,1517,,,1,-1
1519,Jason Vander Laan,TE,NO,1518.0,1518,,,1,-1
1520,Devin Phelps,WR,ARI,1519.0,1519,,,1,-1
1521,Vance McDonald,TE,PIT,1520.0,1520,,,1,-1
1522,Nick Tiano,QB,HOU,1521.0,1521,,,1,-1
1523,Moritz Bohringer,TE,CIN,1522.0,1522,,,1,-1
1524,Dax Raymond,TE,PIT,1523.0,1523,,,1,-1
1525,George Campbell,WR,NYJ,1524.0,1524,,,1,-1
1526,De'Anthony Thomas,WR,BAL,1525.0,1525,,,1,-1
1527,Quincy Enunwa,WR,NYJ,1526.0,1526,,,1,-1
1528,Jon Hilliman,RB,NYG,1527.0,1527,,,1,-1
1529,Bryant Mitchell,WR,TB,1528.0,1528,,,1,-1
1530,Josh Woodrum,QB,WAS,1529.0,1529,,,1,-1
1531,Brandon Polk,WR,LAR,1530.0,1530,,,1,-1
1532,Jehu Chesson,WR,NYJ,1531.0,1531,,,1,-1
1533,Charles Scarff,TE,BAL,1532.0,1532,,,1,-1
1534,Ricardo Louis,WR,MIA,1533.0,1533,,,1,-1
1535,Jeff Heuerman,TE,DEN,1534.0,1534,,,1,-1
1536,Felton Davis,WR,KC,1535.0,1535,,,1,-1
1537,Tra Carson,RB,DET,1536.0,1536,,,1,-1
1538,Shelton Gibson,WR,CAR,1537.0,1537,,,1,-1
1539,Dalyn Dawkins,RB,DET,1538.0,1538,,,1,-1
1540,Tommy Bohanon,RB,BAL,1539.0,1539,,,1,-1
1541,Zimari Manning,WR,DEN,1540.0,1540,,,1,-1
1542,Christian Scotland-Williamson,TE,PIT,1541.0,1541,,,1,-1
1543,Marcus Green,WR,PHI,1542.0,1542,,,1,-1
1544,Jamal Custis,WR,PIT,1543.0,1543,,,1,-1
1545,Dillon Mitchell,WR,MIN,1544.0,1544,,,1,-1
1546,Ben Braunecker,TE,CHI,1545.0,1545,,,1,-1
1547,Quadree Henderson,WR,PIT,1546.0,1546,,,1,-1
1548,Aca'Cedric Ware,RB,TB,1547.0,1547,,,1,-1
1549,Josh Ferguson,RB,WAS,1548.0,1548,,,1,-1
1550,Billy Brown,TE,IND,1549.0,1549,,,1,-1
1551,Erik Swoope,TE,SF,1550.0,1550,,,1,-1
1552,Cody Latimer,TE,WAS,1551.0,1551,,,1,-1
1553,Josh Bellamy,WR,NYJ,1552.0,1552,,,1,-1
1554,Jeremy Hill,RB,LV,1553.0,1553,,,1,-1
1555,Max Bredeson,RB,MIN,1555.0,1555,,,1,0
1556,CJ Williams,WR,JAX,1556.0,1556,,,1,0
1557,Carsen Ryan,TE,CLE,1557.0,1557,,,1,0
1558,Devonte Ross,WR,LAC,1558.0,1558,,,1,0
1559,Jerand Bradley,TE,LAC,1559.0,1559,,,1,0
1560,Evan Svoboda,TE,LAC,1560.0,1560,,,1,0
1561,Sincere Brown,WR,LAC,1561.0,1561,,,1,0
1562,Marcus Sanders Jr.,WR,MIN,1562.0,1562,,,1,0
1563,Shaleak Knotts,WR,FA,1563.0,1563,,,1,0
1564,Luke Wysong,WR,FA,1564.0,1564,,,1,0
1565,Alex Bullock,WR,FA,1565.0,1565,,,1,0
1566,Brady Boyd,WR,JAX,1566.0,1566,,,1,0
1567,Ethan Conner,TE,MIA,1567.0,1567,,,1,0
1568,Ben Patterson,WR,CLE,1568.0,1568,,,1,0
