"RK",TIERS,"PLAYER NAME",TEAM,"POS","BYE","UPSIDE ","BUST ","SOS","ECR VS ADP"
"1",1,"Ja'Marr Chase",CIN,"WR1","6","5 out of 5","1 out of 5","-","+2"
"2",1,"Jahmyr Gibbs",DET,"RB1","6","5 out of 5","1 out of 5","-","-1"
"3",1,"Puka Nacua",LAR,"WR2","11","5 out of 5","2 out of 5","-","+1"
"4",1,"Bijan Robinson",ATL,"RB2","11","5 out of 5","1 out of 5","-","-2"
"5",1,"Jaxon Smith-Njigba",SEA,"WR3","11","5 out of 5","2 out of 5","-","+1"
"6",1,"Amon-Ra St. Brown",DET,"WR4","6","5 out of 5","1 out of 5","-","+2"
"7",2,"CeeDee Lamb",DAL,"WR5","14","4 out of 5","2 out of 5","-","+4"
"8",2,"Justin Jefferson",MIN,"WR6","6","4 out of 5","2 out of 5","-","+5"
"9",2,"Christian McCaffrey",SF,"RB3","8","4 out of 5","4 out of 5","-","-4"
"10",2,"Drake London",ATL,"WR7","11","5 out of 5","2 out of 5","-","+7"
"11",2,"Jonathan Taylor",IND,"RB4","13","4 out of 5","3 out of 5","-","-4"
"12",3,"A.J. Brown",NE,"WR8","11","5 out of 5","2 out of 5","-","+8"
"13",3,"Nico Collins",HOU,"WR9","8","4 out of 5","3 out of 5","-","+13"
"14",3,"Ashton Jeanty",LV,"RB5","13","5 out of 5","2 out of 5","-","-4"
"15",3,"Chase Brown",CIN,"RB6","6","5 out of 5","2 out of 5","-","0"
"16",3,"James Cook III",BUF,"RB7","7","4 out of 5","2 out of 5","-","-7"
"17",3,"Brock Bowers",LV,"TE1","13","5 out of 5","2 out of 5","-","+5"
"18",3,"George Pickens",DAL,"WR10","14","4 out of 5","4 out of 5","-","+6"
"19",3,"Trey McBride",ARI,"TE2","14","4 out of 5","2 out of 5","-","+2"
"20",3,"Chris Olave",NO,"WR11","8","4 out of 5","4 out of 5","-","+8"
"21",3,"De'Von Achane",MIA,"RB8","6","4 out of 5","4 out of 5","-","-9"
"22",3,"Rashee Rice",KC,"WR12","5","5 out of 5","4 out of 5","-","+5"
"23",4,"DeVonta Smith",PHI,"WR13","10","4 out of 5","2 out of 5","-","+11"
"24",4,"Saquon Barkley",PHI,"RB9","10","4 out of 5","3 out of 5","-","-10"
"25",4,"Omarion Hampton",LAC,"RB10","7","5 out of 5","3 out of 5","-","-9"
"26",4,"Josh Allen",BUF,"QB1","7","5 out of 5","2 out of 5","-","-3"
"",4
"27",4,"Malik Nabers",NYG,"WR14","8","4 out of 5","4 out of 5","-","+2"
"28",4,"Kenneth Walker III",KC,"RB11","5","4 out of 5","4 out of 5","-","-9"
"29",4,"Zay Flowers",BAL,"WR15","13","5 out of 5","2 out of 5","-","+6"
"30",4,"Garrett Wilson",NYJ,"WR16","13","4 out of 5","4 out of 5","-","+9"
"31",4,"Lamar Jackson",BAL,"QB2","13","4 out of 5","3 out of 5","-","+11"
"32",4,"Tetairoa McMillan",CAR,"WR17","5","3 out of 5","4 out of 5","-","+6"
"33",4,"Tee Higgins",CIN,"WR18","6","5 out of 5","2 out of 5","-","+8"
"34",4,"Ladd McConkey",LAC,"WR19","7","4 out of 5","3 out of 5","-","+11"
"35",5,"Jaylen Waddle",DEN,"WR20","10","4 out of 5","3 out of 5","-","+12"
"36",5,"Emeka Egbuka",TB,"WR21","10","5 out of 5","3 out of 5","-","+1"
"37",5,"Derrick Henry",BAL,"RB12","13","4 out of 5","2 out of 5","-","-19"
"38",5,"Colston Loveland",CHI,"TE3","10","5 out of 5","2 out of 5","-","+5"
"39",5,"Drake Maye",NE,"QB3","11","5 out of 5","2 out of 5","-","+16"
"40",5,"Jeremiyah Love",ARI,"RB13","14","5 out of 5","2 out of 5","-","-15"
"41",5,"Breece Hall",NYJ,"RB14","13","4 out of 5","3 out of 5","-","-8"
"42",5,"Kyren Williams",LAR,"RB15","11","4 out of 5","2 out of 5","-","-11"
"43",5,"Terry McLaurin",WAS,"WR22","7","4 out of 5","2 out of 5","-","+11"
"44",5,"Joe Burrow",CIN,"QB4","6","4 out of 5","3 out of 5","-","+13"
"45",5,"Josh Jacobs",GB,"RB16","11","4 out of 5","3 out of 5","-","-15"
"46",5,"Javonte Williams",DAL,"RB17","14","4 out of 5","4 out of 5","-","-14"
"47",5,"Luther Burden III",CHI,"WR23","10","4 out of 5","4 out of 5","-","+4"
"48",5,"Travis Etienne Jr.",NO,"RB18","8","4 out of 5","4 out of 5","-","-8"
"49",5,"Davante Adams",LAR,"WR24","11","3 out of 5","4 out of 5","-","0"
"50",6,"Jayden Daniels",WAS,"QB5","7","4 out of 5","4 out of 5","-","+10"
"51",6,"Tyler Warren",IND,"TE4","13","5 out of 5","2 out of 5","-","-3"
"52",6,"DJ Moore",BUF,"WR25","7","4 out of 5","2 out of 5","-","+4"
"53",6,"Mike Evans",SF,"WR26","8","4 out of 5","3 out of 5","-","+11"
"54",6,"Cam Skattebo",NYG,"RB19","8","4 out of 5","4 out of 5","-","-18"
"55",6,"Jameson Williams",DET,"WR27","6","4 out of 5","3 out of 5","-","+3"
"56",6,"Christian Watson",GB,"WR28","11","4 out of 5","4 out of 5","-","+11"
"57",6,"Jalen Hurts",PHI,"QB6","10","4 out of 5","4 out of 5","-","+6"
"58",6,"Rome Odunze",CHI,"WR29","10","4 out of 5","3 out of 5","-","+3"
"59",6,"Bucky Irving",TB,"RB20","10","3 out of 5","4 out of 5","-","-15"
"60",6,"D'Andre Swift",CHI,"RB21","10","3 out of 5","3 out of 5","-","-10"
"61",6,"Quinshon Judkins",CLE,"RB22","11","4 out of 5","4 out of 5","-","-15"
"62",6,"David Montgomery",HOU,"RB23","8","4 out of 5","2 out of 5","-","-10"
"63",6,"TreVeyon Henderson",NE,"RB24","11","4 out of 5","4 out of 5","-","-10"
"64",6,"Carnell Tate",TEN,"WR30","9","4 out of 5","2 out of 5","-","+1"
"65",6,"Parker Washington",JAC,"WR31","7","4 out of 5","2 out of 5","-","+10"
"66",6,"Marvin Harrison Jr.",ARI,"WR32","14","4 out of 5","4 out of 5","-","+6"
"67",6,"Caleb Williams",CHI,"QB7","10","5 out of 5","2 out of 5","-","+11"
"68",6,"Bhayshul Tuten",JAC,"RB25","7","4 out of 5","3 out of 5","-","-9"
"69",6,"Justin Herbert",LAC,"QB8","7","5 out of 5","2 out of 5","-","+19"
"70",6,"Tucker Kraft",GB,"TE5","11","5 out of 5","2 out of 5","-","0"
"71",7,"Jadarian Price",SEA,"RB26","11","4 out of 5","4 out of 5","-","-9"
"72",7,"Jaylen Warren",PIT,"RB27","9","4 out of 5","4 out of 5","-","-1"
"73",7,"Brian Thomas Jr.",JAC,"WR33","7","3 out of 5","4 out of 5","-","+3"
"74",7,"Harold Fannin Jr.",CLE,"TE6","11","4 out of 5","3 out of 5","-","-8"
"75",7,"Trevor Lawrence",JAC,"QB9","7","5 out of 5","2 out of 5","-","+14"
"76",7,"DK Metcalf",PIT,"WR34","9","3 out of 5","3 out of 5","-","+3"
"77",7,"Dak Prescott",DAL,"QB10","14","4 out of 5","2 out of 5","-","0"
"78",7,"Rhamondre Stevenson",NE,"RB28","11","3 out of 5","3 out of 5","-","+4"
"79",7,"Tony Pollard",TEN,"RB29","9","4 out of 5","2 out of 5","-","-6"
"80",7,"Chris Godwin Jr.",TB,"WR35","10","4 out of 5","4 out of 5","-","+18"
"81",7,"Sam LaPorta",DET,"TE7","6","4 out of 5","2 out of 5","-","-12"
"82",7,"Kyle Pitts Sr.",ATL,"TE8","11","4 out of 5","4 out of 5","-","-14"
"83",7,"Michael Pittman Jr.",PIT,"WR36","9","3 out of 5","4 out of 5","-","+11"
"84",7,"Josh Downs",IND,"WR37","13","4 out of 5","3 out of 5","-","+16"
"85",7,"Jordyn Tyson",NO,"WR38","8","4 out of 5","4 out of 5","-","-1"
"86",7,"Courtland Sutton",DEN,"WR39","10","2 out of 5","4 out of 5","-","-12"
"87",7,"Wan'Dale Robinson",TEN,"WR40","9","4 out of 5","3 out of 5","-","+6"
"88",7,"Rico Dowdle",PIT,"RB30","9","4 out of 5","4 out of 5","-","-7"
"89",7,"Michael Wilson",ARI,"WR41","14","-","-","-","-3"
"90",7,"Chuba Hubbard",CAR,"RB31","5","2 out of 5","4 out of 5","-","-7"
"",7
"91",7,"RJ Harvey",DEN,"RB32","10","2 out of 5","4 out of 5","-","-11"
"92",7,"Alec Pierce",IND,"WR42","13","4 out of 5","4 out of 5","-","-5"
"93",7,"Brock Purdy",SF,"QB11","8","4 out of 5","2 out of 5","-","+16"
"94",7,"Jaxson Dart",NYG,"QB12","8","5 out of 5","4 out of 5","-","-9"
"95",8,"Travis Kelce",KC,"TE9","5","3 out of 5","3 out of 5","-","+2"
"96",8,"Patrick Mahomes II",KC,"QB13","5","3 out of 5","4 out of 5","-","+8"
"97",8,"Bo Nix",DEN,"QB14","10","4 out of 5","2 out of 5","-","+16"
"98",8,"Kenny Gainwell",TB,"RB33","10","4 out of 5","3 out of 5","-","+4"
"99",8,"Jonathon Brooks",CAR,"RB34","5","4 out of 5","4 out of 5","-","-4"
"100",8,"Quentin Johnston",LAC,"WR43","7","4 out of 5","3 out of 5","-","+5"
"101",8,"J.K. Dobbins",DEN,"RB35","10","4 out of 5","4 out of 5","-","-11"
"102",8,"Makai Lemon",PHI,"WR44","10","4 out of 5","3 out of 5","-","-1"
"103",8,"Jakobi Meyers",JAC,"WR45","7","2 out of 5","3 out of 5","-","0"
"104",8,"George Kittle",SF,"TE10","8","4 out of 5","4 out of 5","-","-13"
"105",8,"Matthew Stafford",LAR,"QB15","11","4 out of 5","2 out of 5","-","-13"
"106",8,"Jared Goff",DET,"QB16","6","4 out of 5","2 out of 5","-","+17"
"107",8,"Kyle Monangai",CHI,"RB36","10","4 out of 5","4 out of 5","-","-11"
"108",8,"Rachaad White",WAS,"RB37","7","4 out of 5","2 out of 5","-","0"
"109",8,"Jordan Addison",MIN,"WR46","6","4 out of 5","4 out of 5","-","+1"
"110",8,"Jayden Reed",GB,"WR47","11","4 out of 5","4 out of 5","-","+10"
"111",8,"Kyler Murray",MIN,"QB17","6","4 out of 5","3 out of 5","-","+29"
"112",8,"Blake Corum",LAR,"RB38","11","4 out of 5","4 out of 5","-","-6"
"113",8,"Aaron Jones Sr.",MIN,"RB39","6","1 out of 5","4 out of 5","-","+4"
"114",8,"Jake Ferguson",DAL,"TE11","14","2 out of 5","4 out of 5","-","-2"
"115",8,"Dalton Kincaid",BUF,"TE12","7","3 out of 5","4 out of 5","-","+7"
"116",8,"Baker Mayfield",TB,"QB18","10","3 out of 5","4 out of 5","-","+19"
"117",8,"Isaiah Likely",NYG,"TE13","8","4 out of 5","4 out of 5","-","-6"
"118",8,"Jordan Love",GB,"QB19","11","4 out of 5","3 out of 5","-","+28"
"119",8,"Stefon Diggs",WAS,"WR48","7","4 out of 5","2 out of 5","-","+5"
"120",8,"Jordan Mason",MIN,"RB40","6","4 out of 5","4 out of 5","-","-1"
"121",8,"Dallas Goedert",PHI,"TE14","10","4 out of 5","4 out of 5","-","-6"
"122",8,"Jacory Croskey-Merritt",WAS,"RB41","7","3 out of 5","4 out of 5","-","-4"
"123",8,"Khalil Shakir",BUF,"WR49","7","1 out of 5","4 out of 5","-","+10"
"124",8,"Tyler Shough",NO,"QB20","8","4 out of 5","2 out of 5","-","+23"
"125",8,"Jayden Higgins",HOU,"WR50","8","4 out of 5","2 out of 5","-","+13"
"126",8,"Jalen Coker",CAR,"WR51","5","4 out of 5","3 out of 5","-","+17"
"127",8,"Xavier Worthy",KC,"WR52","5","4 out of 5","4 out of 5","-","+1"
"128",8,"Mark Andrews",BAL,"TE15","13","4 out of 5","4 out of 5","-","-3"
"129",9,"KC Concepcion",CLE,"WR53","11","4 out of 5","4 out of 5","-","-2"
"130",9,"Romeo Doubs",NE,"WR54","11","4 out of 5","3 out of 5","-","0"
"131",9,"Matthew Golden",GB,"WR55","11","3 out of 5","4 out of 5","-","-5"
"132",9,"Tyrone Tracy Jr.",NYG,"RB42","8","4 out of 5","4 out of 5","-","+9"
"133",9,"Malik Willis",MIA,"QB21","6","4 out of 5","4 out of 5","-","+31"
"134",9,"Tyler Allgeier",ARI,"RB43","14","3 out of 5","4 out of 5","-","+19"
"135",9,"Chris Rodriguez Jr.",JAC,"RB44","7","3 out of 5","4 out of 5","-","+10"
"136",9,"Sam Darnold",SEA,"QB22","11","2 out of 5","4 out of 5","-","+47"
"137",9,"C.J. Stroud",HOU,"QB23","8","3 out of 5","4 out of 5","-","+42"
"138",9,"Woody Marks",HOU,"RB45","8","3 out of 5","4 out of 5","-","+1"
"139",9,"Tyjae Spears",TEN,"RB46","9","3 out of 5","4 out of 5","-","+12"
"140",9,"Juwan Johnson",NO,"TE16","8","4 out of 5","4 out of 5","-","+10"
"141",9,"Zach Charbonnet",SEA,"RB47","11","3 out of 5","4 out of 5","-","-10"
"142",9,"Alvin Kamara",NO,"RB48","8","3 out of 5","4 out of 5","-","0"
"143",9,"Rashid Shaheed",SEA,"WR56","11","3 out of 5","4 out of 5","-","+1"
"144",9,"Deebo Samuel Sr.",SF,"WR57","8","4 out of 5","3 out of 5","-","-15"
"145",9,"Dylan Sampson",CLE,"RB49","11","4 out of 5","2 out of 5","-","+46"
"146",9,"Isiah Pacheco",DET,"RB50","6","3 out of 5","4 out of 5","-","+3"
"147",9,"Cam Ward",TEN,"QB24","9","4 out of 5","4 out of 5","-","+56"
"148",9,"Chig Okonkwo",WAS,"TE17","7","4 out of 5","4 out of 5","-","+18"
"149",9,"Daniel Jones",IND,"QB25","13","4 out of 5","4 out of 5","-","+29"
"150",9,"Keaton Mitchell",LAC,"RB51","7","4 out of 5","3 out of 5","-","+34"
"151",9,"Brenton Strange",JAC,"TE18","7","4 out of 5","3 out of 5","-","+5"
"152",9,"Denzel Boston",CLE,"WR58","11","4 out of 5","4 out of 5","-","+8"
"153",9,"De'Zhaun Stribling",SF,"WR59","8","4 out of 5","4 out of 5","-","+5"
"154",9,"Hunter Henry",NE,"TE19","11","2 out of 5","4 out of 5","-","0"
"155",9,"Jerry Jeudy",CLE,"WR60","11","2 out of 5","4 out of 5","-","+15"
"156",9,"Jauan Jennings",MIN,"WR61","6","2 out of 5","4 out of 5","-","+37"
"157",9,"Houston Texans",HOU,"DST1","8","-","-","-","-58"
"158",9,"Bryce Young",CAR,"QB26","5","2 out of 5","4 out of 5","-","+46"
"159",9,"Tank Bigsby",PHI,"RB52","10","4 out of 5","4 out of 5","-","+8"
"160",10,"Brian Robinson Jr.",ATL,"RB53","11","2 out of 5","4 out of 5","-","-1"
"161",10,"Adonai Mitchell",NYJ,"WR62","13","4 out of 5","4 out of 5","-","+51"
"162",10,"Jonah Coleman",DEN,"RB54","10","3 out of 5","4 out of 5","-","+27"
"163",10,"Jalen McMillan",TB,"WR63","10","4 out of 5","4 out of 5","-","+11"
"164",10,"Omar Cooper Jr.",NYJ,"WR64","13","4 out of 5","4 out of 5","-","+32"
"165",10,"Dalton Schultz",HOU,"TE20","8","3 out of 5","2 out of 5","-","+17"
"166",10,"Tre' Harris",LAC,"WR65","7","4 out of 5","3 out of 5","-","+66"
"167",10,"Tre Tucker",LV,"WR66","13","4 out of 5","2 out of 5","-","+8"
"168",10,"Denver Broncos",DEN,"DST2","10","-","-","-","-54"
"169",10,"Oronde Gadsden II",LAC,"TE21","7","3 out of 5","4 out of 5","-","+2"
"170",10,"Seattle Seahawks",SEA,"DST3","11","-","-","-","-49"
"171",10,"Braelon Allen",NYJ,"RB55","13","1 out of 5","4 out of 5","-","+27"
"172",10,"Los Angeles Rams",LAR,"DST4","11","-","-","-","-56"
"173",10,"Travis Hunter",JAC,"WR67","7","3 out of 5","4 out of 5","-","+43"
"174",10,"T.J. Hockenson",MIN,"TE22","6","3 out of 5","4 out of 5","-","-12"
"175",10,"Philadelphia Eagles",PHI,"DST5","10","-","-","-","-39"
"176",10,"Jalen Nailor",LV,"WR68","13","-","-","-","+12"
"177",10,"Ryan Flournoy",DAL,"WR69","14","4 out of 5","3 out of 5","-","+68"
"178",10,"Jacoby Brissett",ARI,"QB27","14","3 out of 5","5 out of 5","-","+71"
"179",10,"Ray Davis",BUF,"RB56","7","4 out of 5","4 out of 5","-","+62"
"180",10,"Dontayvion Wicks",PHI,"WR70","10","4 out of 5","4 out of 5","-","+88"
"181",10,"Kimani Vidal",LAC,"RB57","7","1 out of 5","4 out of 5","-","+54"
"182",10,"Brandon Aubrey",DAL,"K1","14","5 out of 5","1 out of 5","-","-75"
"183",10,"Pittsburgh Steelers",PIT,"DST6","9","-","-","-","-31"
"184",10,"New England Patriots",NE,"DST7","11","-","-","-","-29"
"185",10,"Malik Washington",MIA,"WR71","6","3 out of 5","4 out of 5","-","+42"
"186",10,"Jacksonville Jaguars",JAC,"DST8","7","-","-","-","-13"
"187",10,"Minnesota Vikings",MIN,"DST9","6","-","-","-","-24"
"188",10,"Pat Bryant",DEN,"WR72","10","-","-","-","+105"
"189",10,"Los Angeles Chargers",LAC,"DST10","7","-","-","-","-17"
"190",10,"Emmett Johnson",KC,"RB58","5","4 out of 5","4 out of 5","-","+47"
"191",10,"Sean Tucker",TB,"RB59","10","4 out of 5","4 out of 5","-","+56"
"192",10,"AJ Barner",SEA,"TE23","11","4 out of 5","3 out of 5","-","-6"
"193",10,"Kayshon Boutte",NE,"WR73","11","3 out of 5","4 out of 5","-","+37"
"194",10,"Calvin Ridley",TEN,"WR74","9","2 out of 5","4 out of 5","-","-9"
"195",10,"MarShawn Lloyd",GB,"RB60","11","4 out of 5","4 out of 5","-","+5"
"196",10,"James Conner",ARI,"RB61","14","2 out of 5","4 out of 5","-","+6"
"197",10,"Cameron Dicker",LAC,"K2","7","5 out of 5","1 out of 5","-","-63"
"198",10,"Ka'imi Fairbairn",HOU,"K3","8","5 out of 5","1 out of 5","-","-61"
"199",10,"Cam Little",JAC,"K4","7","-","-","-","-51"
"200",10,"Baltimore Ravens",BAL,"DST11","13","-","-","-","-39"
"201",10,"Mike Washington Jr.",LV,"RB62","13","3 out of 5","4 out of 5","-","+4"
"202",11,"Jaylin Noel",HOU,"WR75","8","4 out of 5","4 out of 5","-","+79"
"203",11,"Jason Myers",SEA,"K5","11","4 out of 5","1 out of 5","-","-71"
"204",11,"Troy Franklin",DEN,"WR76","10","1 out of 5","4 out of 5","-","+76"
"205",11,"Nicholas Singleton",TEN,"RB63","9","3 out of 5","4 out of 5","-","+33"
"206",11,"Emanuel Wilson",SEA,"RB64","11","2 out of 5","4 out of 5","-","+49"
"207",11,"Darnell Mooney",NYG,"WR77","8","3 out of 5","4 out of 5","-","+44"
"208",11,"Kansas City Chiefs",KC,"DST12","5","-","-","-","+2"
"209",11,"Eddy Pineiro",SF,"K6","8","4 out of 5","2 out of 5","-","-32"
"210",11,"Green Bay Packers",GB,"DST13","11","-","-","-","-11"
"211",11,"Tyler Loop",BAL,"K7","13","-","-","-","-35"
"212",11,"Gunnar Helm",TEN,"TE24","9","3 out of 5","4 out of 5","-","+46"
"213",11,"Kenyon Sadiq",NYJ,"TE25","13","3 out of 5","4 out of 5","-","-56"
"214",11,"Geno Smith",NYJ,"QB28","13","2 out of 5","4 out of 5","-","+154"
"215",11,"Rashod Bateman",BAL,"WR78","13","2 out of 5","4 out of 5","-","+31"
"216",11,"Tank Dell",HOU,"WR79","8","4 out of 5","4 out of 5","-","-47"
"217",11,"Isaac TeSlaa",DET,"WR80","6","3 out of 5","4 out of 5","-","+22"
"218",11,"Aaron Rodgers",PIT,"QB29","9","1 out of 5","4 out of 5","-","+5"
"219",11,"Jaydon Blue",DAL,"RB65","14","4 out of 5","4 out of 5","-","+17"
"220",11,"Cooper Kupp",SEA,"WR81","11","3 out of 5","4 out of 5","-","-30"
"221",11,"Cairo Santos",CHI,"K8","10","-","-","-","-26"
"222",11,"Jake Bates",DET,"K9","6","-","-","-","-54"
"223",11,"Kaytron Allen",WAS,"RB66","7","3 out of 5","4 out of 5","-","+33"
"224",11,"Zachariah Branch",ATL,"WR82","11","3 out of 5","4 out of 5","-","+7"
"225",11,"Antonio Williams",WAS,"WR83","7","4 out of 5","3 out of 5","-","-11"
"226",11,"Detroit Lions",DET,"DST14","6","-","-","-","-46"
"227",11,"Terrance Ferguson",LAR,"TE26","11","4 out of 5","4 out of 5","-","-26"
"228",11,"Evan McPherson",CIN,"K10","6","4 out of 5","2 out of 5","-","-19"
"229",11,"Pat Freiermuth",PIT,"TE27","9","3 out of 5","3 out of 5","-","-7"
"230",11,"Cade Otton",TB,"TE28","10","3 out of 5","4 out of 5","-","-12"
"231",11,"Andy Borregales",NE,"K11","11","-","-","-","-16"
"232",11,"Chase McLaughlin",TB,"K12","10","-","-","-","-35"
"233",11,"Harrison Mevis",LAR,"K13","11","-","-","-","-68"
"234",11,"Buffalo Bills",BUF,"DST15","7","-","-","-","-40"
"235",11,"Jaylen Wright",MIA,"RB67","6","-","-","-","+25"
"236",11,"Germie Bernard",PIT,"WR84","9","2 out of 5","4 out of 5","-","+41"
"237",11,"Cleveland Browns",CLE,"DST16","11","-","-","-","-13"
"238",11,"Justice Hill",BAL,"RB68","13","-","-","-","-10"
"239",11,"Ollie Gordon II",MIA,"RB69","6","3 out of 5","4 out of 5","-","+66"
"240",11,"Evan Engram",DEN,"TE29","10","-","-","-","+100"
"241",11,"Chimere Dike",TEN,"WR85","9","1 out of 5","5 out of 5","-","+81"
"242",11,"Harrison Butker",KC,"K14","5","-","-","-","-61"
"243",11,"Elic Ayomanor",TEN,"WR86","9","1 out of 5","5 out of 5","-","+67"
"244",11,"Chris Boswell",PIT,"K15","9","-","-","-","-37"
"245",11,"Jack Bech",LV,"WR87","13","3 out of 5","4 out of 5","-","+44"
"246",11,"George Holani",SEA,"RB70","11","3 out of 5","4 out of 5","-","+23"
"247",11,"David Njoku",LAC,"TE30","7","4 out of 5","4 out of 5","-","-39"
"248",11,"Fernando Mendoza",LV,"QB30","13","4 out of 5","3 out of 5","-","-35"
"249",11,"Keon Coleman",BUF,"WR88","7","2 out of 5","4 out of 5","-","+45"
"250",12,"Greg Dulcich",MIA,"TE31","6","4 out of 5","4 out of 5","-","-33"
"251",12,"Isaiah Davis",NYJ,"RB71","13","2 out of 5","4 out of 5","-","+189"
"252",12,"Demond Claiborne",MIN,"RB72","6","3 out of 5","4 out of 5","-","+13"
"253",12,"Chris Bell",MIA,"WR89","6","3 out of 5","4 out of 5","-","+49"
"254",12,"Tua Tagovailoa",ATL,"QB31","11","1 out of 5","4 out of 5","-","+32"
"255",12,"Tory Horton",SEA,"WR90","11","4 out of 5","4 out of 5","-","+43"
"256",12,"Ted Hurst III",TB,"WR91","10","4 out of 5","4 out of 5","-","+28"
"257",12,"Colby Parkinson",LAR,"TE32","11","-","-","-","+31"
"258",12,"Jordan James",SF,"RB73","8","2 out of 5","4 out of 5","-","-25"
"259",12,"Christian Kirk",SF,"WR92","8","2 out of 5","4 out of 5","-","+5"
"260",12,"Malachi Fields",NYG,"WR93","8","4 out of 5","3 out of 5","-","-31"
"261",12,"Elijah Sarratt",BAL,"WR94","13","3 out of 5","4 out of 5","-","+60"
"262",12,"Ty Johnson",BUF,"RB74","7","-","-","-","+21"
"263",12,"Chris Brooks",GB,"RB75","11","2 out of 5","4 out of 5","-","+127"
"264",12,"DJ Giddens",IND,"RB76","13","3 out of 5","4 out of 5","-","+45"
"265",12,"Ja'Kobi Lane",BAL,"WR95","13","3 out of 5","4 out of 5","-","-59"
"266",12,"LeQuint Allen Jr.",JAC,"RB77","7","3 out of 5","4 out of 5","-","+33"
"267",12,"Tyquan Thornton",KC,"WR96","5","2 out of 5","4 out of 5","-","+179"
"268",12,"Kaelon Black",SF,"RB78","8","4 out of 5","4 out of 5","-","-28"
"269",12,"Samaje Perine",CIN,"RB79","6","1 out of 5","4 out of 5","-","+7"
"270",12,"Eli Stowers",PHI,"TE33","10","4 out of 5","4 out of 5","-","-11"
"271",12,"Wil Lutz",DEN,"K16","10","-","-","-","-27"
"272",12,"Darius Slayton",NYG,"WR97","8","3 out of 5","4 out of 5","-","+132"
"273",12,"Will Reichard",MIN,"K17","6","-","-","-","-86"
"274",12,"Xavier Legette",CAR,"WR98","5","2 out of 5","4 out of 5","-","+140"
"275",12,"Marvin Mims Jr.",DEN,"WR99","10","3 out of 5","4 out of 5","-","+15"
"276",12,"Mason Taylor",NYJ,"TE34","13","2 out of 5","4 out of 5","-","-13"
"277",12,"Theo Johnson",NYG,"TE35","8","1 out of 5","4 out of 5","-","+36"
"278",12,"Devaughn Vele",NO,"WR100","8","-","-","-","+51"
"279",12,"Trey Benson",ARI,"RB80","14","2 out of 5","5 out of 5","-","+36"
"280",12,"Michael Penix Jr.",ATL,"QB32","11","2 out of 5","5 out of 5","-","+2"
"281",12,"San Francisco 49ers",SF,"DST17","8","-","-","-","-60"
"282",12,"Atlanta Falcons",ATL,"DST18","11","-","-","-","-39"
"283",12,"Kirk Cousins",LV,"QB33","13","2 out of 5","4 out of 5","-","+2"
"284",12,"Oscar Delp",NO,"TE36","8","4 out of 5","4 out of 5","-","+229"
"285",12,"Malik Davis",DAL,"RB81","14","-","-","-","+116"
"286",12,"Deshaun Watson",CLE,"QB34","11","1 out of 5","5 out of 5","-","+40"
"287",12,"Shedeur Sanders",CLE,"QB35","11","3 out of 5","4 out of 5","-","-35"
"288",12,"Devin Neal",NO,"RB82","8","2 out of 5","4 out of 5","-","+9"
"289",12,"Devin Singletary",NYG,"RB83","8","-","-","-","+14"
"290",12,"Emari Demercado",KC,"RB84","5","1 out of 5","5 out of 5","-","+67"
"291",12,"Keenan Allen",LAC,"WR101","7","2 out of 5","4 out of 5","-","-49"
"292",12,"Caleb Douglas",MIA,"WR102","6","-","-","-","-19"
"293",12,"Brashard Smith",KC,"RB85","5","-","-","-","+13"
"294",12,"Hollywood Brown",PHI,"WR103","10","-","-","-","+29"
"295",12,"Kaleb Johnson",PIT,"RB86","9","2 out of 5","5 out of 5","-","+6"
"296",12,"Kyle Williams",NE,"WR104","11","-","-","-","-24"
"297",12,"Brandon Aiyuk",SF,"WR105","8","2 out of 5","5 out of 5","-","-43"
"298",12,"Adam Randall",BAL,"RB87","13","4 out of 5","4 out of 5","-","+219"
"299",12,"Seth McGowan",IND,"RB88","13","3 out of 5","4 out of 5","-","-"
"300",12,"Mack Hollins",NE,"WR106","11","-","-","-","+53"
"301",12,"Mike Gesicki",CIN,"TE37","6","-","-","-","+38"
"302",12,"New Orleans Saints",NO,"DST19","8","-","-","-","-83"
"303",12,"Kendre Miller",NO,"RB89","8","2 out of 5","4 out of 5","-","+39"
"304",12,"Skyler Bell",BUF,"WR107","7","-","-","-","+20"
"305",12,"Cyrus Allen",KC,"WR108","5","-","-","-","-85"
"306",12,"Isaiah Bond",CLE,"WR109","11","-","-","-","+59"
"307",13,"Jerome Ford",WAS,"RB90","7","-","-","-","+291"
"308",13,"Tahj Brooks",CIN,"RB91","6","-","-","-","+192"
"309",13,"Najee Harris",LAC,"RB92","7","1 out of 5","5 out of 5","-","+22"
"310",13,"Trevor Etienne",CAR,"RB93","5","-","-","-","+200"
"311",13,"Jake Tonges",SF,"TE38","8","-","-","-","-45"
"312",13,"Tyreek Hill",FA,"WR110","-","1 out of 5","5 out of 5","-","-120"
"313",13,"Jarquez Hunter",LAR,"RB94","11","-","-","-","+54"
"314",13,"Charlie Smyth",NO,"K18","8","-","-","-","+111"
"315",13,"Indianapolis Colts",IND,"DST20","13","-","-","-","-40"
"316",13,"Andrei Iosivas",CIN,"WR111","6","-","-","-","+69"
"317",13,"Isaac Guerendo",SF,"RB95","8","-","-","-","-"
"318",13,"Chicago Bears",CHI,"DST21","10","-","-","-","-92"
"319",13,"Jaleel McLaughlin",DEN,"RB96","10","-","-","-","+284"
"320",13,"Audric Estime",NO,"RB97","8","-","-","-","+42"
"321",13,"Will Shipley",PHI,"RB98","10","-","-","-","+164"
"322",13,"Darnell Washington",PIT,"TE39","9","-","-","-","-35"
"323",13,"Jalen Tolbert",MIA,"WR112","6","-","-","-","-27"
"324",13,"J.J. McCarthy",MIN,"QB36","6","-","-","-","-67"
"325",13,"Kareem Hunt",FA,"RB99","-","-","-","-","-5"
"326",13,"Michael Mayer",LV,"TE40","13","-","-","-","+83"
"327",13,"Elijah Arroyo",SEA,"TE41","11","-","-","-","-13"
"328",13,"Jahan Dotson",ATL,"WR113","11","-","-","-","+108"
"329",13,"Carson Beck",ARI,"QB37","14","-","-","-","-38"
"330",13,"Tyler Higbee",LAR,"TE42","11","-","-","-","-3"
"331",13,"Tez Johnson",TB,"WR114","10","-","-","-","+187"
"332",13,"Joe Mixon",FA,"RB100","-","-","-","-","-25"
"333",13,"Cole Kmet",CHI,"TE43","10","-","-","-","-41"
"334",13,"Cedric Tillman",CLE,"WR115","11","-","-","-","+204"
"335",13,"Luke McCaffrey",WAS,"WR116","7","-","-","-","+2"
"336",13,"Chris Brazzell II",CAR,"WR117","5","-","-","-","+216"
"337",13,"Calvin Austin III",NYG,"WR118","8","-","-","-","+85"
"338",13,"Konata Mumpfield",LAR,"WR119","11","-","-","-","+36"
"339",13,"DeMario Douglas",NE,"WR120","11","-","-","-","+162"
"340",13,"Jalen Royals",KC,"WR121","5","-","-","-","+179"
"341",13,"Max Klare",LAR,"TE44","11","-","-","-","+40"
"342",13,"Ja'Tavion Sanders",CAR,"TE45","5","-","-","-","+65"
"343",13,"Mac Jones",SF,"QB38","8","-","-","-","-27"
"344",13,"Olamide Zaccheaus",ATL,"WR122","11","-","-","-","+142"
"345",13,"Noah Gray",KC,"TE46","5","-","-","-","+10"
"346",14,"Darren Waller",CAR,"TE47","5","-","-","-","+80"
"347",14,"Dawson Knox",BUF,"TE48","7","-","-","-","-28"
"348",14,"Dallas Cowboys",DAL,"DST22","14","-","-","-","-137"
"349",14,"Carolina Panthers",CAR,"DST23","5","-","-","-","-87"
"350",14,"Bryce Lance",NO,"WR123","8","-","-","-","+111"
"351",14,"Joshua Palmer",BUF,"WR124","7","-","-","-","-18"
"352",14,"Erick All Jr.",CIN,"TE49","6","-","-","-","+223"
"353",14,"Eli Heidenreich",PIT,"RB101","9","-","-","-","+143"
"354",14,"Justin Fields",KC,"QB39","5","-","-","-","-37"
"355",14,"Ty Simpson",LAR,"QB40","11","-","-","-","-77"
"356",14,"Bam Knight",ARI,"RB102","14","-","-","-","-"
"357",14,"Eli Raridon",NE,"TE50","11","-","-","-","+63"
"358",14,"Brenen Thompson",LAC,"WR125","7","-","-","-","+106"
"359",14,"Treylon Burks",WAS,"WR126","7","-","-","-","+166"
"360",14,"Kendrick Bourne",ARI,"WR127","14","-","-","-","+187"
"361",14,"Raheim Sanders",CLE,"RB103","11","-","-","-","+169"
"362",14,"Jake Elliott",PHI,"K19","10","-","-","-","-128"
"363",14,"Tyler Bass",BUF,"K20","7","-","-","-","-113"
"364",14,"New York Giants",NYG,"DST24","8","-","-","-","-139"
"365",14,"Noah Fant",NO,"TE51","8","-","-","-","+38"
"366",14,"Tampa Bay Buccaneers",TB,"DST25","10","-","-","-","-118"
"367",14,"Justin Joly",DEN,"TE52","10","-","-","-","+161"
"368",14,"Charlie Kolar",LAC,"TE53","7","-","-","-","-"
"369",14,"Michael Carter",TEN,"RB104","9","-","-","-","-"
"370",14,"Kevin Coleman Jr.",MIA,"WR128","6","-","-","-","+137"
"371",14,"Anthony Richardson Sr.",IND,"QB41","13","-","-","-","+35"
"372",14,"Tutu Atwell",MIA,"WR129","6","-","-","-","+104"
"373",14,"Jawhar Jordan",HOU,"RB105","8","-","-","-","+94"
"374",14,"Savion Williams",GB,"WR130","11","-","-","-","-"
"375",14,"Cincinnati Bengals",CIN,"DST26","6","-","-","-","-108"
"376",14,"Zane Gonzalez",MIA,"K21","6","-","-","-","-1"
"377",14,"Jaylin Lane",WAS,"WR131","7","-","-","-","+159"
"378",14,"J'Mari Taylor",JAC,"RB106","7","-","-","-","-"
"379",14,"John Metchie III",CAR,"WR132","5","-","-","-","+55"
"380",14,"Trey Smack",GB,"K22","11","-","-","-","-119"
"381",14,"Phil Mafah",DAL,"RB107","14","-","-","-","+176"
"382",14,"Nick Chubb",FA,"RB108","-","-","-","-","-9"
"383",14,"Dont'e Thornton Jr.",LV,"WR133","13","-","-","-","+151"
"384",14,"Xavier Hutchinson",HOU,"WR134","8","-","-","-","+155"
"385",14,"KaVontae Turpin",DAL,"WR135","14","-","-","-","-38"
"386",14,"Joe Flacco",CIN,"QB42","6","-","-","-","-75"
"387",14,"Tennessee Titans",TEN,"DST27","9","-","-","-","-134"
"388",14,"Zavion Thomas",CHI,"WR136","10","-","-","-","+5"
"389",14,"Luke Musgrave",GB,"TE54","11","-","-","-","-30"
"390",14,"Nick Folk",ATL,"K23","11","-","-","-","-116"
"391",14,"Blake Grupe",IND,"K24","13","-","-","-","-96"
"392",14,"Kalif Raymond",CHI,"WR137","10","-","-","-","-23"
"393",14,"Malik Benson",LV,"WR138","13","-","-","-","+133"
"394",14,"Tommy Tremble",CAR,"TE55","5","-","-","-","+6"
"395",14,"Mitchell Evans",CAR,"TE56","5","-","-","-","+161"
"396",14,"Nick Westbrook-Ikhine",IND,"WR139","13","-","-","-","+118"
"397",14,"Ben Sinnott",WAS,"TE57","7","-","-","-","-"
"398",14,"Jameis Winston",NYG,"QB43","8","-","-","-","-80"
"399",14,"CJ Daniels",LAR,"WR140","11","-","-","-","+132"
"400",14,"Ashton Dulin",IND,"WR141","13","-","-","-","-"
"401",14,"Las Vegas Raiders",LV,"DST28","13","-","-","-","-130"
"402",14,"Miami Dolphins",MIA,"DST29","6","-","-","-","-98"
"403",14,"Daniel Carlson",LV,"K25","13","-","-","-","+158"
"404",14,"Kyle Juszczyk",SF,"RB109","8","-","-","-","-34"
"405",14,"Jordan Whittington",LAR,"WR142","11","-","-","-","-45"
"406",14,"Marcus Mariota",WAS,"QB44","7","-","-","-","+50"
"407",14,"Roman Wilson",PIT,"WR143","9","-","-","-","-27"
"408",14,"Brandon McManus",FA,"K26","-","-","-","-","-13"
"409",14,"Austin Ekeler",FA,"RB110","-","-","-","-","+213"
"410",14,"Sione Vaki",DET,"RB111","6","-","-","-","+196"
"411",14,"Joey Slye",TEN,"K27","9","-","-","-","-62"
"412",14,"Ben Sauls",NYG,"K28","8","-","-","-","-84"
"413",14,"Devontez Walker",BAL,"WR144","13","-","-","-","-61"
"414",14,"Dameon Pierce",PHI,"RB112","10","-","-","-","-"
"415",14,"Jake Moody",WAS,"K29","7","-","-","-","-83"
"416",14,"Rasheen Ali",BAL,"RB113","13","-","-","-","-"
"417",14,"Deion Burks",IND,"WR145","13","-","-","-","-"
"418",14,"Washington Commanders",WAS,"DST30","7","-","-","-","-139"
"419",14,"New York Jets",NYJ,"DST31","13","-","-","-","-111"
"420",14,"Roschon Johnson",CHI,"RB114","10","-","-","-","+130"
"421",15,"Daniel Bellinger",TEN,"TE58","9","-","-","-","+101"
"422",15,"Ryan Fitzgerald",CAR,"K30","5","-","-","-","-86"
"423",15,"Chad Ryland",ARI,"K31","14","-","-","-","-77"
"424",15,"John Bates",WAS,"TE59","7","-","-","-","-"
"425",15,"Dyami Brown",WAS,"WR146","7","-","-","-","-"
"426",15,"Cade Klubnik",NYJ,"QB45","13","-","-","-","+6"
"427",15,"Jam Miller",NE,"RB115","11","-","-","-","+189"
"428",15,"Austin Hooper",ATL,"TE60","11","-","-","-","+80"
"429",15,"Joe Milton III",DAL,"QB46","14","-","-","-","-37"
"430",15,"Spencer Shrader",IND,"K32","13","-","-","-","-80"
"431",15,"Greg Dortch",DET,"WR147","6","-","-","-","+93"
"432",15,"Xavier Restrepo",TEN,"WR148","9","-","-","-","-"
"433",15,"DeAndre Hopkins",BAL,"WR149","13","-","-","-","+129"
"434",15,"Colbie Young",CIN,"WR150","6","-","-","-","+77"
"435",15,"Jeremy McNichols",WAS,"RB116","7","-","-","-","-"
"436",15,"Ty Chandler",NO,"RB117","8","-","-","-","-"
"437",15,"Odell Beckham Jr.",NYG,"WR151","8","-","-","-","-112"
"438",15,"Damien Martinez",GB,"RB118","11","-","-","-","+173"
"439",15,"Terrell Jennings",FA,"RB119","-","-","-","-","+114"
"440",15,"Tyler Lockett",LV,"WR152","13","-","-","-","-"
"441",15,"Brandin Cooks",FA,"WR153","-","-","-","-","-"
"442",15,"Khalil Herbert",SF,"RB120","8","-","-","-","-"
"443",15,"Hunter Luepke",DAL,"RB121","14","-","-","-","+134"
"444",15,"Jahdae Walker",CHI,"WR154","10","-","-","-","-72"
"445",15,"Tanner Koziol",JAC,"TE61","7","-","-","-","+64"
"446",15,"Zach Ertz",FA,"TE62","-","-","-","-","+177"
"447",15,"Tommy Myers",FA,"TE63","-","-","-","-","-"
"448",15,"Tyler Goodson",ATL,"RB122","11","-","-","-","+157"
"449",15,"Jonnu Smith",FA,"TE64","-","-","-","-","-"
"450",15,"Josh Oliver",MIN,"TE65","6","-","-","-","-39"
"451",15,"Dylan Laube",LV,"RB123","13","-","-","-","-"
"452",15,"Tai Felton",MIN,"WR155","6","-","-","-","+81"
"453",15,"Elijah Moore",PHI,"WR156","10","-","-","-","-"
"454",15,"Antonio Gibson",FA,"RB124","-","-","-","-","-"
"455",15,"Riley Leonard",IND,"QB47","13","-","-","-","+4"
"456",15,"Elijah Higgins",ARI,"TE66","14","-","-","-","-85"
"457",15,"Zavier Scott",MIN,"RB125","6","-","-","-","+156"
"458",15,"Xavier Smith",LAR,"WR157","11","-","-","-","+8"
"459",15,"Reggie Virgil",ARI,"WR158","14","-","-","-","+124"
"460",15,"Robert Henry Jr.",WAS,"RB126","7","-","-","-","-"
"461",15,"Arizona Cardinals",ARI,"DST32","14","-","-","-","-161"
"462",15,"Demarcus Robinson",SF,"WR159","8","-","-","-","+117"
"463",15,"Diontae Johnson",FA,"WR160","-","-","-","-","-"
"464",15,"Jalen Milroe",SEA,"QB48","11","-","-","-","+28"
"465",15,"Theo Wease Jr.",MIA,"WR161","6","-","-","-","-"
"466",15,"Miles Sanders",FA,"RB127","-","-","-","-","-"
"467",15,"Van Jefferson",WAS,"WR162","7","-","-","-","+17"
"468",15,"Raheem Mostert",LV,"RB128","13","-","-","-","-"
"469",15,"Jermaine Burton",FA,"WR163","-","-","-","-","-"
"470",15,"Will Kacmarek",MIA,"TE67","6","-","-","-","+51"
"471",15,"Elijah Mitchell",FA,"RB129","-","-","-","-","-"
"472",15,"Mo Alie-Cox",IND,"TE68","13","-","-","-","-34"
"473",15,"Reggie Gilliam",NE,"RB130","11","-","-","-","+111"
"474",15,"Adam Trautman",DEN,"TE69","10","-","-","-","-58"
"475",15,"Cash Jones",ATL,"RB131","11","-","-","-","-"
"476",15,"Marquez Valdes-Scantling",DAL,"WR164","14","-","-","-","+5"
"477",15,"Jackson Hawes",BUF,"TE70","7","-","-","-","+38"
"478",15,"Quinn Ewers",MIA,"QB49","6","-","-","-","-90"
"479",15,"Mitch Tinsley",CIN,"WR165","6","-","-","-","+50"
"480",15,"Tim Patrick",NYJ,"WR166","13","-","-","-","+65"
"481",15,"Michael Woods II",DEN,"WR167","10","-","-","-","-"
"482",15,"Marlin Klein",HOU,"TE71","8","-","-","-","+50"
"483",15,"Jimmy Horn Jr.",CAR,"WR168","5","-","-","-","-64"
"484",15,"Frank Gore Jr.",BUF,"RB132","7","-","-","-","+5"
"485",15,"Noah Whittington",HOU,"RB133","8","-","-","-","-"
"486",15,"Max Bredeson",MIN,"RB134","6","-","-","-","+92"
"487",15,"Zamir White",SF,"RB135","8","-","-","-","-"
"488",15,"Nate Boerkircher",JAC,"TE72","7","-","-","-","-"
"489",16,"Gabe Davis",FA,"WR169","-","-","-","-","-"
"490",16,"Sincere McCormick",SF,"RB136","8","-","-","-","-"
"491",16,"JuJu Smith-Schuster",NYG,"WR170","8","-","-","-","-137"
"492",16,"Mason Rudolph",PIT,"QB50","9","-","-","-","+51"
"493",16,"Matt Hibner",BAL,"TE73","13","-","-","-","-"
"494",16,"David Sills V",TB,"WR171","10","-","-","-","-"
"495",16,"Cam Akers",FA,"RB137","-","-","-","-","+131"
"496",16,"Miles Davis",CAR,"RB138","5","-","-","-","-"
"497",16,"Donovan Edwards",MIA,"RB139","6","-","-","-","-"
"498",16,"Ronnie Rivers",LAR,"RB140","11","-","-","-","+103"
"499",16,"Gus Edwards",FA,"RB141","-","-","-","-","-"
"500",16,"Tyrod Taylor",GB,"QB51","11","-","-","-","-134"
"501",16,"Juice Wells Jr.",ATL,"WR172","11","-","-","-","-"
"502",16,"Lil'Jordan Humphrey",DEN,"WR173","10","-","-","-","-157"
"503",16,"Dean Connors",LAR,"RB142","11","-","-","-","-"
"504",16,"Luke Schoonmaker",DAL,"TE74","14","-","-","-","-146"
"505",16,"Drew Sample",CIN,"TE75","6","-","-","-","+7"
"506",16,"Myles Montgomery",FA,"RB143","-","-","-","-","-"
"507",16,"Jaydn Ott",KC,"RB144","5","-","-","-","-"
"508",16,"Trey Lance",LAC,"QB52","7","-","-","-","-79"
"509",16,"Jason Sanders",NYJ,"K33","13","-","-","-","-168"
"510",16,"Jacob Cowing",SF,"WR174","8","-","-","-","-"
"511",16,"Michael Trigg",DAL,"TE76","14","-","-","-","-128"
