player_name,team,position,adp,source
Ja'Marr Chase,CIN,WR,1,fantasypros_ecr
Jahmyr Gibbs,DET,RB,2,fantasypros_ecr
Puka Nacua,LAR,WR,3,fantasypros_ecr
Bijan Robinson,ATL,RB,4,fantasypros_ecr
Jaxon Smith-Njigba,SEA,WR,5,fantasypros_ecr
Amon-Ra St. Brown,DET,WR,6,fantasypros_ecr
CeeDee Lamb,DAL,WR,7,fantasypros_ecr
Christian McCaffrey,SF,RB,8,fantasypros_ecr
Justin Jefferson,MIN,WR,9,fantasypros_ecr
Drake London,ATL,WR,10,fantasypros_ecr
Jonathan Taylor,IND,RB,11,fantasypros_ecr
A.J. Brown,NE,WR,12,fantasypros_ecr
Nico Collins,HOU,WR,13,fantasypros_ecr
Ashton Jeanty,LV,RB,14,fantasypros_ecr
Chase Brown,CIN,RB,15,fantasypros_ecr
James Cook III,BUF,RB,16,fantasypros_ecr
Brock Bowers,LV,TE,17,fantasypros_ecr
Trey McBride,ARI,TE,18,fantasypros_ecr
George Pickens,DAL,WR,19,fantasypros_ecr
Chris Olave,NO,WR,20,fantasypros_ecr
De'Von Achane,MIA,RB,21,fantasypros_ecr
Rashee Rice,KC,WR,22,fantasypros_ecr
DeVonta Smith,PHI,WR,23,fantasypros_ecr
Saquon Barkley,PHI,RB,24,fantasypros_ecr
Josh Allen,BUF,QB,25,fantasypros_ecr
Omarion Hampton,LAC,RB,26,fantasypros_ecr
Malik Nabers,NYG,WR,27,fantasypros_ecr
Zay Flowers,BAL,WR,28,fantasypros_ecr
Kenneth Walker III,KC,RB,29,fantasypros_ecr
Garrett Wilson,NYJ,WR,30,fantasypros_ecr
Lamar Jackson,BAL,QB,31,fantasypros_ecr
Tetairoa McMillan,CAR,WR,32,fantasypros_ecr
Tee Higgins,CIN,WR,33,fantasypros_ecr
Ladd McConkey,LAC,WR,34,fantasypros_ecr
Emeka Egbuka,TB,WR,35,fantasypros_ecr
Jaylen Waddle,DEN,WR,36,fantasypros_ecr
Drake Maye,NE,QB,37,fantasypros_ecr
Colston Loveland,CHI,TE,38,fantasypros_ecr
Derrick Henry,BAL,RB,39,fantasypros_ecr
Jeremiyah Love,ARI,RB,40,fantasypros_ecr
Breece Hall,NYJ,RB,41,fantasypros_ecr
Kyren Williams,LAR,RB,42,fantasypros_ecr
Terry McLaurin,WAS,WR,43,fantasypros_ecr
Josh Jacobs,GB,RB,44,fantasypros_ecr
Joe Burrow,CIN,QB,45,fantasypros_ecr
Javonte Williams,DAL,RB,46,fantasypros_ecr
Luther Burden III,CHI,WR,47,fantasypros_ecr
Travis Etienne Jr.,NO,RB,48,fantasypros_ecr
Jayden Daniels,WAS,QB,49,fantasypros_ecr
Davante Adams,LAR,WR,50,fantasypros_ecr
DJ Moore,BUF,WR,51,fantasypros_ecr
Tyler Warren,IND,TE,52,fantasypros_ecr
Mike Evans,SF,WR,53,fantasypros_ecr
Cam Skattebo,NYG,RB,54,fantasypros_ecr
Jameson Williams,DET,WR,55,fantasypros_ecr
Christian Watson,GB,WR,56,fantasypros_ecr
Jalen Hurts,PHI,QB,57,fantasypros_ecr
Bucky Irving,TB,RB,58,fantasypros_ecr
D'Andre Swift,CHI,RB,59,fantasypros_ecr
Rome Odunze,CHI,WR,60,fantasypros_ecr
Quinshon Judkins,CLE,RB,61,fantasypros_ecr
David Montgomery,HOU,RB,62,fantasypros_ecr
TreVeyon Henderson,NE,RB,63,fantasypros_ecr
Carnell Tate,TEN,WR,64,fantasypros_ecr
Caleb Williams,CHI,QB,65,fantasypros_ecr
Parker Washington,JAX,WR,66,fantasypros_ecr
Marvin Harrison Jr.,ARI,WR,67,fantasypros_ecr
Justin Herbert,LAC,QB,68,fantasypros_ecr
Bhayshul Tuten,JAX,RB,69,fantasypros_ecr
Tucker Kraft,GB,TE,70,fantasypros_ecr
Jadarian Price,SEA,RB,71,fantasypros_ecr
Jaylen Warren,PIT,RB,72,fantasypros_ecr
Brian Thomas Jr.,JAX,WR,73,fantasypros_ecr
Harold Fannin Jr.,CLE,TE,74,fantasypros_ecr
Trevor Lawrence,JAX,QB,75,fantasypros_ecr
DK Metcalf,PIT,WR,76,fantasypros_ecr
Dak Prescott,DAL,QB,77,fantasypros_ecr
Chris Godwin Jr.,TB,WR,78,fantasypros_ecr
Rhamondre Stevenson,NE,RB,79,fantasypros_ecr
Tony Pollard,TEN,RB,80,fantasypros_ecr
Kyle Pitts Sr.,ATL,TE,81,fantasypros_ecr
Sam LaPorta,DET,TE,82,fantasypros_ecr
Michael Pittman Jr.,PIT,WR,83,fantasypros_ecr
Josh Downs,IND,WR,84,fantasypros_ecr
Jordyn Tyson,NO,WR,85,fantasypros_ecr
Courtland Sutton,DEN,WR,86,fantasypros_ecr
Wan'Dale Robinson,TEN,WR,87,fantasypros_ecr
Rico Dowdle,PIT,RB,88,fantasypros_ecr
Chuba Hubbard,CAR,RB,89,fantasypros_ecr
Michael Wilson,ARI,WR,90,fantasypros_ecr
RJ Harvey,DEN,RB,91,fantasypros_ecr
Alec Pierce,IND,WR,92,fantasypros_ecr
Jaxson Dart,NYG,QB,93,fantasypros_ecr
Brock Purdy,SF,QB,94,fantasypros_ecr
Travis Kelce,KC,TE,95,fantasypros_ecr
Patrick Mahomes II,KC,QB,96,fantasypros_ecr
Bo Nix,DEN,QB,97,fantasypros_ecr
Kenny Gainwell,TB,RB,98,fantasypros_ecr
Makai Lemon,PHI,WR,99,fantasypros_ecr
Jakobi Meyers,JAX,WR,100,fantasypros_ecr
J.K. Dobbins,DEN,RB,101,fantasypros_ecr
Jonathon Brooks,CAR,RB,102,fantasypros_ecr
Quentin Johnston,LAC,WR,103,fantasypros_ecr
George Kittle,SF,TE,104,fantasypros_ecr
Matthew Stafford,LAR,QB,105,fantasypros_ecr
Jared Goff,DET,QB,106,fantasypros_ecr
Kyle Monangai,CHI,RB,107,fantasypros_ecr
Rachaad White,WAS,RB,108,fantasypros_ecr
Jordan Addison,MIN,WR,109,fantasypros_ecr
Jayden Reed,GB,WR,110,fantasypros_ecr
Kyler Murray,MIN,QB,111,fantasypros_ecr
Jake Ferguson,DAL,TE,112,fantasypros_ecr
Blake Corum,LAR,RB,113,fantasypros_ecr
Aaron Jones Sr.,MIN,RB,114,fantasypros_ecr
Dalton Kincaid,BUF,TE,115,fantasypros_ecr
Stefon Diggs,WAS,WR,116,fantasypros_ecr
Isaiah Likely,NYG,TE,117,fantasypros_ecr
Baker Mayfield,TB,QB,118,fantasypros_ecr
Jordan Love,GB,QB,119,fantasypros_ecr
Jacory Croskey-Merritt,WAS,RB,120,fantasypros_ecr
Khalil Shakir,BUF,WR,121,fantasypros_ecr
Jordan Mason,MIN,RB,122,fantasypros_ecr
Dallas Goedert,PHI,TE,123,fantasypros_ecr
Tyler Shough,NO,QB,124,fantasypros_ecr
Jayden Higgins,HOU,WR,125,fantasypros_ecr
Jalen Coker,CAR,WR,126,fantasypros_ecr
Xavier Worthy,KC,WR,127,fantasypros_ecr
Mark Andrews,BAL,TE,128,fantasypros_ecr
Romeo Doubs,NE,WR,129,fantasypros_ecr
KC Concepcion,CLE,WR,130,fantasypros_ecr
Malik Willis,MIA,QB,131,fantasypros_ecr
Matthew Golden,GB,WR,132,fantasypros_ecr
Tyrone Tracy Jr.,NYG,RB,133,fantasypros_ecr
C.J. Stroud,HOU,QB,134,fantasypros_ecr
Tyler Allgeier,ARI,RB,135,fantasypros_ecr
Woody Marks,HOU,RB,136,fantasypros_ecr
Sam Darnold,SEA,QB,137,fantasypros_ecr
Chris Rodriguez Jr.,JAX,RB,138,fantasypros_ecr
Tyjae Spears,TEN,RB,139,fantasypros_ecr
Juwan Johnson,NO,TE,140,fantasypros_ecr
Zach Charbonnet,SEA,RB,141,fantasypros_ecr
Deebo Samuel Sr.,SF,WR,142,fantasypros_ecr
Alvin Kamara,NO,RB,143,fantasypros_ecr
Rashid Shaheed,SEA,WR,144,fantasypros_ecr
Dylan Sampson,CLE,RB,145,fantasypros_ecr
Isiah Pacheco,DET,RB,146,fantasypros_ecr
Chig Okonkwo,WAS,TE,147,fantasypros_ecr
Cam Ward,TEN,QB,148,fantasypros_ecr
Daniel Jones,IND,QB,149,fantasypros_ecr
Keaton Mitchell,LAC,RB,150,fantasypros_ecr
Brenton Strange,JAX,TE,151,fantasypros_ecr
Denzel Boston,CLE,WR,152,fantasypros_ecr
Jerry Jeudy,CLE,WR,153,fantasypros_ecr
Hunter Henry,NE,TE,154,fantasypros_ecr
Bryce Young,CAR,QB,155,fantasypros_ecr
Jauan Jennings,MIN,WR,156,fantasypros_ecr
Houston Texans,HOU,DST,157,fantasypros_ecr
Tank Bigsby,PHI,RB,158,fantasypros_ecr
De'Zhaun Stribling,SF,WR,159,fantasypros_ecr
Brian Robinson Jr.,ATL,RB,160,fantasypros_ecr
Adonai Mitchell,NYJ,WR,161,fantasypros_ecr
Omar Cooper Jr.,NYJ,WR,162,fantasypros_ecr
Jonah Coleman,DEN,RB,163,fantasypros_ecr
Jalen McMillan,TB,WR,164,fantasypros_ecr
Tre Tucker,LV,WR,165,fantasypros_ecr
Denver Broncos,DEN,DST,166,fantasypros_ecr
Dalton Schultz,HOU,TE,167,fantasypros_ecr
Tre' Harris,LAC,WR,168,fantasypros_ecr
Seattle Seahawks,SEA,DST,169,fantasypros_ecr
Los Angeles Rams,LAR,DST,170,fantasypros_ecr
Travis Hunter,JAX,WR,171,fantasypros_ecr
Oronde Gadsden II,LAC,TE,172,fantasypros_ecr
Braelon Allen,NYJ,RB,173,fantasypros_ecr
Philadelphia Eagles,PHI,DST,174,fantasypros_ecr
T.J. Hockenson,MIN,TE,175,fantasypros_ecr
Ray Davis,BUF,RB,176,fantasypros_ecr
Ryan Flournoy,DAL,WR,177,fantasypros_ecr
Jalen Nailor,LV,WR,178,fantasypros_ecr
Jacoby Brissett,ARI,QB,179,fantasypros_ecr
Pittsburgh Steelers,PIT,DST,180,fantasypros_ecr
New England Patriots,NE,DST,181,fantasypros_ecr
Kimani Vidal,LAC,RB,182,fantasypros_ecr
Minnesota Vikings,MIN,DST,183,fantasypros_ecr
Jacksonville Jaguars,JAX,DST,184,fantasypros_ecr
Brandon Aubrey,DAL,K,185,fantasypros_ecr
Dontayvion Wicks,PHI,WR,186,fantasypros_ecr
Los Angeles Chargers,LAC,DST,187,fantasypros_ecr
Malik Washington,MIA,WR,188,fantasypros_ecr
Pat Bryant,DEN,WR,189,fantasypros_ecr
Emmett Johnson,KC,RB,190,fantasypros_ecr
Cameron Dicker,LAC,K,191,fantasypros_ecr
Kayshon Boutte,NE,WR,192,fantasypros_ecr
James Conner,ARI,RB,193,fantasypros_ecr
Ka'imi Fairbairn,HOU,K,194,fantasypros_ecr
AJ Barner,SEA,TE,195,fantasypros_ecr
Sean Tucker,TB,RB,196,fantasypros_ecr
Cam Little,JAX,K,197,fantasypros_ecr
Calvin Ridley,TEN,WR,198,fantasypros_ecr
Baltimore Ravens,BAL,DST,199,fantasypros_ecr
Jaylin Noel,HOU,WR,200,fantasypros_ecr
Mike Washington Jr.,LV,RB,201,fantasypros_ecr
Jason Myers,SEA,K,202,fantasypros_ecr
Troy Franklin,DEN,WR,203,fantasypros_ecr
MarShawn Lloyd,GB,RB,204,fantasypros_ecr
Green Bay Packers,GB,DST,205,fantasypros_ecr
Emanuel Wilson,SEA,RB,206,fantasypros_ecr
Nicholas Singleton,TEN,RB,207,fantasypros_ecr
Tyler Loop,BAL,K,208,fantasypros_ecr
Kansas City Chiefs,KC,DST,209,fantasypros_ecr
Eddy Pineiro,SF,K,210,fantasypros_ecr
Darnell Mooney,NYG,WR,211,fantasypros_ecr
Kenyon Sadiq,NYJ,TE,212,fantasypros_ecr
Gunnar Helm,TEN,TE,213,fantasypros_ecr
Rashod Bateman,BAL,WR,214,fantasypros_ecr
Isaac TeSlaa,DET,WR,215,fantasypros_ecr
Geno Smith,NYJ,QB,216,fantasypros_ecr
Tank Dell,HOU,WR,217,fantasypros_ecr
Aaron Rodgers,PIT,QB,218,fantasypros_ecr
Cairo Santos,CHI,K,219,fantasypros_ecr
Cooper Kupp,SEA,WR,220,fantasypros_ecr
Jaydon Blue,DAL,RB,221,fantasypros_ecr
Jake Bates,DET,K,222,fantasypros_ecr
Detroit Lions,DET,DST,223,fantasypros_ecr
Kaytron Allen,WAS,RB,224,fantasypros_ecr
Evan McPherson,CIN,K,225,fantasypros_ecr
Zachariah Branch,ATL,WR,226,fantasypros_ecr
Andy Borregales,NE,K,227,fantasypros_ecr
Chase McLaughlin,TB,K,228,fantasypros_ecr
Pat Freiermuth,PIT,TE,229,fantasypros_ecr
Antonio Williams,WAS,WR,230,fantasypros_ecr
Terrance Ferguson,LAR,TE,231,fantasypros_ecr
Cade Otton,TB,TE,232,fantasypros_ecr
Harrison Mevis,LAR,K,233,fantasypros_ecr
Buffalo Bills,BUF,DST,234,fantasypros_ecr
Jaylen Wright,MIA,RB,235,fantasypros_ecr
Cleveland Browns,CLE,DST,236,fantasypros_ecr
Germie Bernard,PIT,WR,237,fantasypros_ecr
Chimere Dike,TEN,WR,238,fantasypros_ecr
Ollie Gordon II,MIA,RB,239,fantasypros_ecr
Justice Hill,BAL,RB,240,fantasypros_ecr
Evan Engram,DEN,TE,241,fantasypros_ecr
Elic Ayomanor,TEN,WR,242,fantasypros_ecr
Harrison Butker,KC,K,243,fantasypros_ecr
Jack Bech,LV,WR,244,fantasypros_ecr
Keon Coleman,BUF,WR,245,fantasypros_ecr
Chris Boswell,PIT,K,246,fantasypros_ecr
Fernando Mendoza,LV,QB,247,fantasypros_ecr
David Njoku,LAC,TE,248,fantasypros_ecr
George Holani,SEA,RB,249,fantasypros_ecr
Greg Dulcich,MIA,TE,250,fantasypros_ecr
Isaiah Davis,NYJ,RB,251,fantasypros_ecr
Demond Claiborne,MIN,RB,252,fantasypros_ecr
Tua Tagovailoa,ATL,QB,253,fantasypros_ecr
Chris Bell,MIA,WR,254,fantasypros_ecr
Tory Horton,SEA,WR,255,fantasypros_ecr
Christian Kirk,SF,WR,256,fantasypros_ecr
Colby Parkinson,LAR,TE,257,fantasypros_ecr
Jordan James,SF,RB,258,fantasypros_ecr
Malachi Fields,NYG,WR,259,fantasypros_ecr
Ty Johnson,BUF,RB,260,fantasypros_ecr
Elijah Sarratt,BAL,WR,261,fantasypros_ecr
Ted Hurst III,TB,WR,262,fantasypros_ecr
LeQuint Allen Jr.,JAX,RB,263,fantasypros_ecr
Chris Brooks,GB,RB,264,fantasypros_ecr
DJ Giddens,IND,RB,265,fantasypros_ecr
Eli Stowers,PHI,TE,266,fantasypros_ecr
Will Reichard,MIN,K,267,fantasypros_ecr
Tyquan Thornton,KC,WR,268,fantasypros_ecr
Xavier Legette,CAR,WR,269,fantasypros_ecr
Darius Slayton,NYG,WR,270,fantasypros_ecr
Marvin Mims Jr.,DEN,WR,271,fantasypros_ecr
Ja'Kobi Lane,BAL,WR,272,fantasypros_ecr
Mason Taylor,NYJ,TE,273,fantasypros_ecr
Samaje Perine,CIN,RB,274,fantasypros_ecr
Kaelon Black,SF,RB,275,fantasypros_ecr
Wil Lutz,DEN,K,276,fantasypros_ecr
Theo Johnson,NYG,TE,277,fantasypros_ecr
Trey Benson,ARI,RB,278,fantasypros_ecr
Devaughn Vele,NO,WR,279,fantasypros_ecr
Michael Penix Jr.,ATL,QB,280,fantasypros_ecr
Atlanta Falcons,ATL,DST,281,fantasypros_ecr
San Francisco 49ers,SF,DST,282,fantasypros_ecr
Malik Davis,DAL,RB,283,fantasypros_ecr
Kirk Cousins,LV,QB,284,fantasypros_ecr
Deshaun Watson,CLE,QB,285,fantasypros_ecr
Oscar Delp,NO,TE,286,fantasypros_ecr
Shedeur Sanders,CLE,QB,287,fantasypros_ecr
Keenan Allen,LAC,WR,288,fantasypros_ecr
Devin Singletary,NYG,RB,289,fantasypros_ecr
Brandon Aiyuk,SF,WR,290,fantasypros_ecr
Emari Demercado,KC,RB,291,fantasypros_ecr
Devin Neal,NO,RB,292,fantasypros_ecr
Brashard Smith,KC,RB,293,fantasypros_ecr
Kaleb Johnson,PIT,RB,294,fantasypros_ecr
Kyle Williams,NE,WR,295,fantasypros_ecr
Hollywood Brown,PHI,WR,296,fantasypros_ecr
Caleb Douglas,MIA,WR,297,fantasypros_ecr
Adam Randall,BAL,RB,298,fantasypros_ecr
Mack Hollins,NE,WR,299,fantasypros_ecr
Kendre Miller,NO,RB,300,fantasypros_ecr
